Iteration	Best_Mutation	Median_Error
1	E194W	1.2290585041046143
2	R288K	1.2240984439849854
3	G369P	1.2168446779251099
4	R288H	1.2136262655258179
5	Y286D	1.2131612300872803
6	T51W	1.2124011516571045
7	D193W	1.2107173204421997
8	A289H	1.2105119228363037
9	R288E	1.2103067636489868
10	H287E	1.210134506225586
11	D263R	1.2017912864685059
12	S50W	1.2010443210601807
13	S368P	1.2008103132247925
14	E194K	1.2007129192352295
15	H287D	1.200659990310669
16	Y286H	1.200591802597046
17	D193G	1.1995573043823242
18	K191P	1.19952392578125
19	R288D	1.1973073482513428
20	K191G	1.1946507692337036
21	A289K	1.1937710046768188
22	N192D	1.1909562349319458
23	S229E	1.1895023584365845
24	A289E	1.18880295753479
25	G52E	1.1886718273162842
26	H287K	1.188183069229126
27	D263K	1.1868598461151123
28	Y286E	1.1845135688781738
29	E48W	1.1839054822921753
30	N231Y	1.1837048530578613
31	F228E	1.1836820840835571
32	G369N	1.1830295324325562
33	S49W	1.1825522184371948
34	T51E	1.1811028718948364
35	K191D	1.1792316436767578
36	P195W	1.1784744262695312
37	S368N	1.1777654886245728
38	N231W	1.1771587133407593
39	G290H	1.1756565570831299
40	A230Y	1.175231695175171
41	D193I	1.1739952564239502
42	K191E	1.1738609075546265
43	G370L	1.173822283744812
44	N192G	1.1728626489639282
45	G52W	1.1714274883270264
46	I232Y	1.1713906526565552
47	G370P	1.1710045337677002
48	N192W	1.1707712411880493
49	M123P	1.1679458618164062
50	I190E	1.16787588596344
51	T53W	1.1668561697006226
52	D193Q	1.1653165817260742
53	L171P	1.1645506620407104
54	G323F	1.1645457744598389
55	T324F	1.1642216444015503
56	L185D	1.1628820896148682
57	N192P	1.1625908613204956
58	Y286K	1.162481665611267
59	I320K	1.1621310710906982
60	I232W	1.1617728471755981
61	D193R	1.1615952253341675
62	G370W	1.1613054275512695
63	A230W	1.16073739528656
64	M325F	1.1601355075836182
65	I164W	1.15889573097229
66	L185H	1.1588165760040283
67	D193Y	1.1585392951965332
68	V247P	1.1581048965454102
69	F189D	1.1579008102416992
70	S50Y	1.1574492454528809
71	T51Y	1.1562998294830322
72	G369L	1.1562761068344116
73	G170P	1.1559025049209595
74	S229R	1.1553219556808472
75	A47P	1.1552659273147583
76	H321K	1.155138611793518
77	N192R	1.154799222946167
78	D263N	1.1540483236312866
79	I190G	1.1532665491104126
80	E194Y	1.152758240699768
81	E194P	1.1522969007492065
82	N54W	1.1520671844482422
83	S49Y	1.1518561840057373
84	N231P	1.151734471321106
85	G323W	1.151647686958313
86	S49P	1.1516098976135254
87	C26P	1.1515862941741943
88	G323K	1.1514856815338135
89	S50P	1.151157021522522
90	D193K	1.1501950025558472
91	P195N	1.1496987342834473
92	G290E	1.1495078802108765
93	A230Q	1.1494418382644653
94	E194D	1.1493903398513794
95	F228W	1.1490498781204224
96	A230E	1.1488784551620483
97	H285D	1.1488116979599
98	Y246P	1.1483415365219116
99	A289D	1.1482913494110107
100	E48Y	1.147871971130371
101	D193C	1.213328242301941
102	D193F	1.2128045558929443
103	S50Q	1.2068026065826416
104	N192F	1.2065731287002563
105	S50H	1.2056807279586792
106	S50R	1.1994380950927734
107	T51F	1.1957632303237915
108	S49H	1.1953200101852417
109	D193V	1.1941726207733154
110	D193M	1.1940274238586426
111	S50M	1.1922223567962646
112	S50D	1.1836398839950562
113	S50I	1.1834996938705444
114	S50F	1.1833301782608032
115	D193S	1.1829789876937866
116	D193H	1.1814790964126587
117	S49R	1.1801244020462036
118	T51M	1.179092288017273
119	E194F	1.1777267456054688
120	S50V	1.1764007806777954
121	G52N	1.1757144927978516
122	N192H	1.1755566596984863
123	D193L	1.1753895282745361
124	T51Q	1.1742137670516968
125	S50N	1.1732096672058105
126	T51H	1.1700470447540283
127	S49I	1.1697516441345215
128	S49F	1.1690070629119873
129	E48R	1.1671912670135498
130	S49D	1.1651170253753662
131	E48F	1.1645777225494385
132	T51D	1.1643165349960327
133	D193T	1.162567377090454
134	T51N	1.1615450382232666
135	S50C	1.1604670286178589
136	S49M	1.1602952480316162
137	E48H	1.1598103046417236
138	T51V	1.1592854261398315
139	S50K	1.159135341644287
140	S49Q	1.157381296157837
141	G52H	1.1557016372680664
142	T51R	1.1550201177597046
143	E194C	1.1536558866500854
144	S49V	1.1531639099121094
145	G52M	1.1495113372802734
146	T51I	1.1476746797561646
147	E48Q	1.146242380142212
148	S49K	1.1433801651000977
149	G52Q	1.1407235860824585
150	K191F	1.1394288539886475
151	S49C	1.139174461364746
152	T51C	1.1377813816070557
153	S49N	1.136928677558899
154	E194V	1.1364647150039673
155	K191H	1.134234070777893
156	G52F	1.1320031881332397
157	E48D	1.1319447755813599
158	D193N	1.1283787488937378
159	T51K	1.1274962425231934
160	N192C	1.127004623413086
161	E48K	1.1261788606643677
162	N192M	1.125672698020935
163	P195F	1.1254980564117432
164	T51L	1.1250416040420532
165	N192L	1.1240029335021973
166	E48N	1.123593807220459
167	S50L	1.1234667301177979
168	E48I	1.123106837272644
169	G52C	1.1226646900177002
170	K191S	1.121423363685608
171	N192S	1.121267557144165
172	E194M	1.1209079027175903
173	N192V	1.1189242601394653
174	A289Y	1.1182582378387451
175	I190F	1.1170142889022827
176	G52D	1.1143468618392944
177	A47H	1.1098172664642334
178	E48M	1.1092312335968018
179	E194S	1.107873797416687
180	K191L	1.1059844493865967
181	A47R	1.1049699783325195
182	E194H	1.1045292615890503
183	G52V	1.1034804582595825
184	S49L	1.0985532999038696
185	T53N	1.0982868671417236
186	I190L	1.0976452827453613
187	N192T	1.0973336696624756
188	G52R	1.0970605611801147
189	E194L	1.0967695713043213
190	A47Q	1.095367670059204
191	G52I	1.0951086282730103
192	E194T	1.0917606353759766
193	I190S	1.091019868850708
194	K191C	1.0908915996551514
195	G52L	1.090860366821289
196	G52K	1.0855177640914917
197	R288Y	1.085392713546753
198	A289W	1.0844885110855103
199	G369I	1.083888053894043
200	S368K	1.0815224647521973
201	T51S	0.9922439455986023
202	S50G	0.977940559387207
203	S50T	0.9727798700332642
204	S49T	0.9581222534179688
205	T51G	0.9517645835876465
206	S49G	0.9449931383132935
207	E48G	0.9428095817565918
208	G52S	0.9408977627754211
209	E48S	0.9368513822555542
210	E48T	0.9309937953948975
211	V262Y	0.9055132269859314
212	A47G	0.9005577564239502
213	G369M	0.8995808959007263
214	A47T	0.8960695862770081
215	L248E	0.891038179397583
216	H287L	0.8910168409347534
217	A289P	0.8907172679901123
218	R288L	0.8883687257766724
219	S368E	0.885073184967041
220	D263Y	0.8842418789863586
221	R288N	0.8791975975036621
222	G370M	0.8761991262435913
223	V247G	0.8738657832145691
224	A289L	0.8711522817611694
225	S368M	0.8709192276000977
226	A289V	0.870064377784729
227	A47S	0.8690024018287659
228	A84P	0.8682317137718201
229	L260Y	0.8639332056045532
230	A289R	0.8629608750343323
231	I83P	0.859939694404602
232	K82P	0.8594784736633301
233	S368D	0.8581883311271667
234	G369E	0.8571475744247437
235	R288P	0.8566499948501587
236	L261Y	0.8548071980476379
237	R288V	0.8538667559623718
238	M123Y	0.8526386022567749
239	G326M	0.8521827459335327
240	V262W	0.8511003255844116
241	L248G	0.8499894142150879
242	G369F	0.8493700623512268
243	H287N	0.8484839200973511
244	H287P	0.8478416800498962
245	Y28N	0.8474893569946289
246	I367E	0.846518874168396
247	A289F	0.84434974193573
248	E194Q	0.8437957167625427
249	T53S	0.8418087363243103
250	M30P	0.8417233228683472
251	T250G	0.8416387438774109
252	Y28W	0.8414069414138794
253	R288Q	0.8413698673248291
254	H287R	0.8400694131851196
255	A289N	0.8399041891098022
256	V247W	0.8377509117126465
257	H124Y	0.8367512822151184
258	A259Y	0.836608350276947
259	C26W	0.836266040802002
260	L248W	0.8359242677688599
261	V247C	0.8352794647216797
262	G52T	0.8349663019180298
263	V247T	0.8343863487243652
264	A46G	0.8342447876930237
265	E249Y	0.8337802886962891
266	G369Y	0.8336780071258545
267	A27W	0.8333101272583008
268	F327M	0.8319146633148193
269	T250E	0.8299813866615295
270	G369D	0.8295097351074219
271	A289Q	0.8293265104293823
272	T81P	0.8291444778442383
273	S368F	0.8283964991569519
274	A289C	0.8281899094581604
275	S368R	0.8279747366905212
276	V262E	0.8279100060462952
277	S368Q	0.8273314833641052
278	E249G	0.8260787725448608
279	A289I	0.8259994983673096
280	L248C	0.8254069685935974
281	G290V	0.8252736330032349
282	I29W	0.8248696327209473
283	Y286L	0.8248483538627625
284	Y246T	0.8248318433761597
285	Y246G	0.8246854543685913
286	G369R	0.8245289921760559
287	G290P	0.8243813514709473
288	S368Y	0.8240659832954407
289	M215R	0.8238482475280762
290	N192Q	0.8235589265823364
291	I367M	0.8230674266815186
292	T250Y	0.8225470781326294
293	R243I	0.8221792578697205
294	L260P	0.8218092918395996
295	G244I	0.8214378952980042
296	S368H	0.8203549385070801
297	G370R	0.8189290165901184
298	V262G	0.8188101649284363
299	A218P	0.8184900283813477
300	V247E	0.8184511661529541
301	V262Q	0.8641656637191772
302	L260Q	0.8607305884361267
303	L260D	0.8388179540634155
304	L260C	0.8345443606376648
305	K82R	0.8321888446807861
306	K82E	0.830953061580658
307	L261Q	0.8207228779792786
308	D263Q	0.817305862903595
309	T81E	0.8156455159187317
310	A84Q	0.8110988736152649
311	L260S	0.808256983757019
312	R217W	0.8074354529380798
313	I83W	0.8072671890258789
314	I83Q	0.8068318367004395
315	T81W	0.8063844442367554
316	I83E	0.8063709735870361
317	I83R	0.8054511547088623
318	A259Q	0.8009294867515564
319	L260V	0.7983436584472656
320	A259D	0.7981361746788025
321	K82W	0.7978774309158325
322	L80E	0.7971379160881042
323	L260T	0.796869158744812
324	L260I	0.7928810715675354
325	V262S	0.7918147444725037
326	T81R	0.7907629013061523
327	A218W	0.7898126840591431
328	L260H	0.7891866564750671
329	A84E	0.7887243628501892
330	A84N	0.7862606048583984
331	A259C	0.785805344581604
332	V262H	0.7853891253471375
333	A259H	0.7849894762039185
334	V258S	0.7832431793212891
335	V258Q	0.7811980247497559
336	K82Q	0.7809180617332458
337	V262D	0.7805294990539551
338	V258H	0.7795299887657166
339	L261D	0.7784702181816101
340	V262C	0.7772385478019714
341	A84W	0.7766050100326538
342	A259S	0.7758288979530334
343	V258D	0.7726144194602966
344	Y28K	0.7723445296287537
345	M215W	0.7690531611442566
346	V262T	0.7684488296508789
347	A259T	0.7682543992996216
348	I83N	0.7661669254302979
349	I164K	0.7652980089187622
350	L261S	0.7641658782958984
351	Q219W	0.7639583945274353
352	K122D	0.7639438509941101
353	I83H	0.7635946869850159
354	Y85Q	0.7630237936973572
355	H124E	0.7626445293426514
356	L260R	0.7623282074928284
357	R216W	0.7621608972549438
358	L261H	0.7618141770362854
359	A77E	0.7617379426956177
360	K82D	0.7610920667648315
361	V258T	0.7607749104499817
362	Y28D	0.7604343295097351
363	R217F	0.7590997815132141
364	A289T	0.757522702217102
365	A259V	0.7574762105941772
366	V262M	0.7566859722137451
367	M30I	0.755668580532074
368	L261V	0.7553474307060242
369	A259R	0.754419207572937
370	A214W	0.7539718151092529
371	A27M	0.7518205046653748
372	A84H	0.7508631348609924
373	A84K	0.7508577108383179
374	D125H	0.7507100701332092
375	A84R	0.7505569458007812
376	C26M	0.7496250867843628
377	G290T	0.7491289973258972
378	Y28I	0.7490926384925842
379	K33Y	0.7484337091445923
380	A230K	0.7483457326889038
381	F189N	0.748278796672821
382	L260M	0.7473552823066711
383	Y85W	0.7467168569564819
384	A121D	0.7465876936912537
385	V262I	0.7464879751205444
386	K166H	0.7463594675064087
387	K82N	0.7461812496185303
388	M123H	0.7460855841636658
389	L261C	0.7457948327064514
390	K82H	0.7453896999359131
391	C26D	0.7447559833526611
392	M123E	0.7444195747375488
393	I83D	0.7441733479499817
394	R217Y	0.7438763976097107
395	V258R	0.7437748908996582
396	N231K	0.7436640858650208
397	A27I	0.7430049180984497
398	L25H	0.7429417967796326
399	L260N	0.7420223355293274
400	V258N	0.742021918296814
401	A84G	0.8719809055328369
402	K82G	0.8716424703598022
403	I83Y	0.8563967943191528
404	I83G	0.8481056094169617
405	A84C	0.8396332263946533
406	A84Y	0.8387597799301147
407	K82S	0.8290207982063293
408	K82Y	0.825153112411499
409	I83S	0.825097382068634
410	I83C	0.8189554214477539
411	A84S	0.8178635835647583
412	K82C	0.8176218271255493
413	A84F	0.8154094219207764
414	T81C	0.814975917339325
415	T81Y	0.8106808662414551
416	Y85F	0.7897762060165405
417	M123N	0.7887053489685059
418	T81G	0.7881514430046082
419	T81S	0.7793307900428772
420	M123W	0.7765271663665771
421	I83F	0.7752423286437988
422	M123Q	0.7709959745407104
423	Y85G	0.7682756185531616
424	T81L	0.7666457891464233
425	H124Q	0.7642725110054016
426	L80Y	0.7615448236465454
427	H124N	0.7609292268753052
428	H124C	0.7601646184921265
429	K122N	0.7574652433395386
430	Y85C	0.7574399709701538
431	I83L	0.7571553587913513
432	M123V	0.7543726563453674
433	A84T	0.7532203793525696
434	I83V	0.7522892355918884
435	A84L	0.7522527575492859
436	A84M	0.7516475319862366
437	M123C	0.7507839202880859
438	I164E	0.7492502927780151
439	H124F	0.7483853697776794
440	K122W	0.7458661198616028
441	K122Q	0.7437706589698792
442	D125C	0.7432461977005005
443	A84V	0.742913544178009
444	I164D	0.740414559841156
445	A121W	0.7400367856025696
446	I165D	0.7399857044219971
447	I83T	0.7384122014045715
448	A121G	0.7380042672157288
449	K82T	0.7341256141662598
450	H124W	0.7321415543556213
451	M123R	0.7307716608047485
452	I165E	0.729885995388031
453	H124V	0.729714035987854
454	T163E	0.7280206680297852
455	K166D	0.7241204380989075
456	H124R	0.7237734198570251
457	T81F	0.7231854796409607
458	D125N	0.7219704985618591
459	R217C	0.7214010953903198
460	P86F	0.7213059067726135
461	K122R	0.7183845639228821
462	K82F	0.7153525352478027
463	Y85M	0.7139092683792114
464	M123F	0.7138242721557617
465	K82L	0.7138143181800842
466	A218C	0.7136142253875732
467	D125Q	0.7133480906486511
468	K122C	0.7133306264877319
469	K168L	0.7124911546707153
470	Y85L	0.7120242714881897
471	K166E	0.7115787267684937
472	M123K	0.7110714912414551
473	H181P	0.708930253982544
474	T60C	0.7081946730613708
475	Y85V	0.7081857323646545
476	L80C	0.707557201385498
477	A84I	0.7009038329124451
478	F327G	0.7006429433822632
479	A392K	0.7006102204322815
480	A121C	0.7005274891853333
481	I83M	0.7004919648170471
482	K122G	0.6998820900917053
483	T163D	0.6996604800224304
484	R216C	0.6991955041885376
485	M123T	0.6987853050231934
486	A121Q	0.6978573203086853
487	R217H	0.6978468298912048
488	H124S	0.6977688074111938
489	D125K	0.6970425844192505
490	K122V	0.6968743801116943
491	P167L	0.6964651942253113
492	H124K	0.6961731314659119
493	H124G	0.696144163608551
494	A289G	0.6960930228233337
495	H124T	0.6952126622200012
496	G393K	0.6951555013656616
497	M123G	0.6950253248214722
498	T324G	0.6950125694274902
499	A396G	0.6947205066680908
500	K82V	0.6933915615081787
501	I164Y	0.864384651184082
502	K166R	0.8486809134483337
503	K166Y	0.8454582095146179
504	K166G	0.8411445617675781
505	I165Y	0.8361933827400208
506	I164R	0.8274015784263611
507	K166N	0.8265157341957092
508	I165N	0.8085906505584717
509	P167G	0.8066258430480957
510	I165G	0.8057378530502319
511	K166Q	0.8012799024581909
512	K166C	0.7993624210357666
513	T163Y	0.7981323003768921
514	T163R	0.7973848581314087
515	K166F	0.7955101728439331
516	I164P	0.7945828437805176
517	I164N	0.7922295928001404
518	I165Q	0.7890024185180664
519	I165R	0.788965106010437
520	I165F	0.7852293252944946
521	I164Q	0.7849576473236084
522	K166I	0.7827696204185486
523	I165C	0.7810847759246826
524	P167I	0.7789117693901062
525	P167N	0.7764100432395935
526	I164F	0.7710954546928406
527	P167R	0.7703800201416016
528	P167Y	0.7633891105651855
529	I164G	0.7602379322052002
530	T163V	0.7595669031143188
531	I164V	0.7551780939102173
532	A392W	0.7548596262931824
533	T163N	0.753851056098938
534	I165W	0.7487354874610901
535	T163I	0.7482673525810242
536	T163P	0.7468181252479553
537	P167Q	0.7461392283439636
538	T391W	0.7444989085197449
539	I165V	0.7443033456802368
540	G393W	0.7442451119422913
541	P167F	0.7430394291877747
542	T163W	0.740898847579956
543	K168G	0.7400752305984497
544	P167C	0.739310622215271
545	I164C	0.7379601001739502
546	G393H	0.7355570793151855
547	G162R	0.735517144203186
548	K168N	0.7323607802391052
549	K168R	0.7312390208244324
550	I165P	0.727422833442688
551	A392H	0.7261248826980591
552	K166W	0.7239698171615601
553	G162N	0.7210283875465393
554	K166V	0.7205209732055664
555	K166T	0.7200286388397217
556	K166M	0.717785656452179
557	T163Q	0.717184841632843
558	I164H	0.7161382436752319
559	I165H	0.7140149474143982
560	G395F	0.7123638391494751
561	T391R	0.710297167301178
562	L390W	0.7099807262420654
563	T163G	0.7077847123146057
564	G110K	0.7074653506278992
565	G393V	0.7069211006164551
566	M109K	0.7054071426391602
567	G162Y	0.704958438873291
568	P167M	0.7046179175376892
569	A392R	0.7043009996414185
570	H181W	0.7037425637245178
571	K329C	0.7022361755371094
572	G394F	0.6997209787368774
573	A392P	0.6995893716812134
574	G162V	0.6981330513954163
575	K168C	0.6978240609169006
576	I165M	0.6976871490478516
577	G328C	0.6965847015380859
578	L185K	0.6963489651679993
579	P167W	0.6952530145645142
580	G394H	0.6942173838615417
581	V258K	0.6933463215827942
582	T163F	0.6932926177978516
583	G393P	0.6921095848083496
584	G394P	0.6915590763092041
585	N112K	0.6909011602401733
586	N111K	0.688778817653656
587	F327Q	0.6886997818946838
588	K166P	0.6885656714439392
589	P167H	0.6881808042526245
590	L159G	0.6879003047943115
591	I232D	0.687110424041748
592	A182E	0.6870521306991577
593	T163K	0.6869383454322815
594	A259K	0.6866157054901123
595	A182W	0.6861645579338074
596	G326Q	0.6856877207756042
597	T391H	0.6843502521514893
598	V161G	0.6838186979293823
599	F327E	0.683125913143158
600	I164T	0.680808424949646
601	K166S	0.7428033351898193
602	A392E	0.7295200228691101
603	N112M	0.7212159633636475
604	A392Y	0.7191850543022156
605	I165S	0.713636040687561
606	T391E	0.7097359299659729
607	G393Y	0.7086255550384521
608	T391Y	0.7040674090385437
609	I164S	0.6949619054794312
610	N111M	0.6930956840515137
611	Q113M	0.6842483282089233
612	G393E	0.6832782030105591
613	M109L	0.6821871995925903
614	N112W	0.680635392665863
615	N111W	0.6788020730018616
616	G110R	0.6718189120292664
617	A392L	0.6717743873596191
618	N112D	0.6681608557701111
619	P167S	0.6678755283355713
620	G394Y	0.6644607782363892
621	N112R	0.6641789674758911
622	M109R	0.6610128283500671
623	G393Q	0.659632682800293
624	N111R	0.655573844909668
625	L390E	0.6536367535591125
626	L390Y	0.6511462926864624
627	G393L	0.6507707238197327
628	G394I	0.6498456597328186
629	A392D	0.6495750546455383
630	G393I	0.6491103172302246
631	M330W	0.6474698185920715
632	T391D	0.647373616695404
633	N111P	0.6456201672554016
634	K329W	0.6452974081039429
635	F327W	0.6428602337837219
636	A392I	0.6414467096328735
637	G328W	0.6402024030685425
638	A392Q	0.6399213075637817
639	N111D	0.6397634744644165
640	N112Q	0.6378774642944336
641	N112P	0.6374197006225586
642	N112G	0.6371362805366516
643	G394E	0.6358705163002014
644	Q113G	0.6357653737068176
645	F228N	0.6349148750305176
646	A230N	0.6345731019973755
647	V8N	0.634504497051239
648	Q113D	0.632163405418396
649	G110W	0.6310667395591736
650	C26G	0.6300424337387085
651	L390I	0.6297434568405151
652	R6S	0.6294015645980835
653	N111L	0.6286056041717529
654	S229N	0.6282564401626587
655	G110L	0.6278659105300903
656	F327T	0.6276834607124329
657	M109F	0.6272411942481995
658	A27G	0.6271494030952454
659	Y7N	0.6265982389450073
660	L227N	0.6264936327934265
661	V262P	0.625252366065979
662	K329I	0.6247902512550354
663	A234F	0.624214768409729
664	G393D	0.6237762570381165
665	T163S	0.6218923330307007
666	Q113W	0.6210475564002991
667	A242P	0.6208155751228333
668	T108R	0.6204015612602234
669	I29C	0.6188953518867493
670	I240P	0.6186136603355408
671	E194N	0.6168546676635742
672	G110M	0.6160940527915955
673	G394L	0.6160628795623779
674	E331W	0.6159703135490417
675	G326W	0.6157483458518982
676	T108L	0.615689218044281
677	A392N	0.6156770586967468
678	T391L	0.6146623492240906
679	A386N	0.6141098141670227
680	D263P	0.6134111881256104
681	E178P	0.6132306456565857
682	T391I	0.6127611994743347
683	M109W	0.6111775636672974
684	V71D	0.6109330654144287
685	F238P	0.6107258200645447
686	I241P	0.6104743480682373
687	F352W	0.6103518605232239
688	G110P	0.6101905703544617
689	G326T	0.6100277304649353
690	G328I	0.6094089150428772
691	R408P	0.6085602045059204
692	R313K	0.608552873134613
693	G395Y	0.6083088517189026
694	G114M	0.6078647375106812
695	N112E	0.6077406406402588
696	E239P	0.6075695753097534
697	G328T	0.6066632270812988
698	C180F	0.6054052114486694
699	M109P	0.6048918962478638
700	G326H	0.6047856211662292
701	N112C	0.7371716499328613
702	N111H	0.7367954850196838
703	N112H	0.7125471830368042
704	G110H	0.7088772058486938
705	N111C	0.7083864808082581
706	N111T	0.693405032157898
707	E239F	0.6925436854362488
708	M109H	0.6924924850463867
709	M109T	0.6880612969398499
710	G110T	0.6829184889793396
711	I240F	0.6796495318412781
712	E239W	0.6760267019271851
713	G110C	0.6645147800445557
714	I241F	0.6637442111968994
715	N112Y	0.6626505851745605
716	I240W	0.6600145101547241
717	N112V	0.6581321954727173
718	Q113C	0.6564722657203674
719	N111Y	0.6518240571022034
720	A179P	0.6497799158096313
721	G394M	0.6416900753974915
722	A242Y	0.6412702202796936
723	M109N	0.6392338275909424
724	M109C	0.6379340887069702
725	N112T	0.6356059312820435
726	G393M	0.6350730657577515
727	G110N	0.6332467198371887
728	A392M	0.6273932456970215
729	I241W	0.6262876987457275
730	T108H	0.6235991716384888
731	F238D	0.6223859190940857
732	C180P	0.620651364326477
733	R243F	0.6187213063240051
734	V8L	0.6184373497962952
735	F238W	0.6159210801124573
736	G110Y	0.6152074933052063
737	A392C	0.6141955256462097
738	V8K	0.6126190423965454
739	A242F	0.6125442981719971
740	Y7V	0.611854612827301
741	G393C	0.6118075847625732
742	R243Y	0.611463189125061
743	M109E	0.6106122136116028
744	Q113H	0.6097238063812256
745	I240C	0.6092061996459961
746	I241Y	0.606942355632782
747	Y7L	0.6058653593063354
748	G110E	0.6044356226921082
749	A182N	0.603620707988739
750	E178C	0.6033555865287781
751	I241C	0.6005315184593201
752	R6P	0.6004732847213745
753	R408P	0.5999795794487
754	A392T	0.5996673107147217
755	G326P	0.5970284938812256
756	R6V	0.5968540906906128
757	R6L	0.5956501364707947
758	Y7K	0.5947423577308655
759	M330F	0.5947292447090149
760	A182D	0.5944000482559204
761	G395C	0.5939903855323792
762	A182C	0.5938668847084045
763	Q415W	0.5934342741966248
764	N112I	0.5932179093360901
765	A392V	0.5919373035430908
766	F327P	0.5900499224662781
767	T391M	0.5899694561958313
768	V262L	0.5898677110671997
769	I241N	0.589863121509552
770	E239D	0.5892264246940613
771	G328P	0.5891076922416687
772	N111E	0.5890154838562012
773	A182P	0.5886984467506409
774	H181C	0.5879888534545898
775	I240D	0.5879887938499451
776	G394C	0.5878990292549133
777	G406W	0.5871802568435669
778	A407P	0.5861684083938599
779	K329L	0.5851559042930603
780	R418W	0.5848077535629272
781	E239C	0.5846586227416992
782	G395M	0.5843178033828735
783	Y7P	0.5839287042617798
784	R243N	0.5839080810546875
785	A242N	0.5834735631942749
786	M325P	0.5833525061607361
787	P237F	0.5832548141479492
788	M109Y	0.582698404788971
789	A179C	0.5822394490242004
790	G114C	0.5819339752197266
791	V8W	0.5813835859298706
792	V8T	0.5813835859298706
793	V8I	0.5813835859298706
794	V8M	0.5813835859298706
795	V8G	0.5813835859298706
796	V8F	0.5813835859298706
797	V8D	0.5813835859298706
798	V8C	0.5813835859298706
799	V8H	0.5813835859298706
800	I240Y	0.5807288289070129
