residue,A,C,D,E,F,G,H,I,K,L,M,N,P,Q,R,S,T,V,W,Y
1,,,,,,,,,,,,,,,,,,,,
2,0.0,,,,,,,,,,,,,,,,,,,
3,0.0,,,,,,,,,,,,,,,,,,,
4,0.0,,,,,,,,,,,,,,,,,,,
5,0.0,,,,,,,,,,,,,,,,,,,
6,0.0,,,,,,,,,,,,,,,,,,,
7,0.0,,,,,,,,,,,,,,,,,,,
8,0.0,,,,,,,,,,,,,,,,,,,
9,0.0,1.2208686619437754,0.5691526092721877,0.5417135254387125,1.3702011022020941,1.1778073587993243,0.2301861663004831,1.0738482382154113,0.8951442031340748,0.9970834647247171,1.399946918279124,0.6797812776363832,0.8110947050687767,,0.8853333416057888,0.6937089498796222,0.991781872766393,0.9609761879174247,1.7392327576007873,1.0314425078070146
10,0.0,67.377980173654,411.2678327328867,101.566970260481,1.9923606828663871,33.188990086827,37.327617575295484,92.10537253411145,28.30484864585171,42.7567978188342,10.167831317500328,41.8941055931337,14.234447725276377,46.5853195193614,42.0267881041924,20.522264396033773,6.003266841974683,12.396330028942332,,2.3255043204329167
11,0.0,2.2919266931094175,0.856051222125674,1.4152986654279345,4.678785450868515,0.13961194769946839,1.8818690803845808,5.623790475442449,1.747395743308657,2.7253716471740557,2.806604657320999,0.9606633153791837,3.5520315718322344,1.6205423068200664,1.6882628368271917,,1.1216932094645817,2.3619225302153493,2.9645210463083767,2.272504488532481
12,0.0,18.55901026320556,6.973652349211319,133.60959615283295,4.394139405821142,100.45720101831971,5.071341899031513,23.101600226293268,13.33219809163035,16.487243238359873,11.46917905455997,272.0792211135562,9.297744115520587,29.19501641276504,8.552691467872462,8.283594519681511,11.200738535183124,8.893428644871,2.891269671170947,
13,0.0,1.012471486079798,0.49440678688780876,0.09109943412976138,0.8253662019315726,0.6496674838696708,0.7045737728689361,0.7078957011420762,0.5756147242054503,0.895349856394751,0.8212952039560828,0.7611255175096863,0.7493504848755442,0.5182496769376795,0.7797230169120419,,0.3803857758778265,0.6201507866407698,0.9624055775685701,1.0655248962944668
14,0.0,2.7858833275756347,1.128858628328045,1.0268712014780765,4.192733718468592,,2.307696989051851,4.321980450100768,1.8854505152520926,2.639721881625878,2.847342705340667,1.3517331264304862,2.1893580874853362,2.0054208979945014,1.9580065266425675,1.636024759084391,1.9261346497295253,2.0972224713027727,3.263778544557131,2.132291138496901
15,0.0,,,,,,,,,,,,,,,,,,,
16,0.0,1.2378591494584084,0.7257603825601698,,1.1267681624153638,0.7668335439053804,0.6861515983481169,0.35966325554950485,0.504643390484438,0.886687056369112,0.8518905265868963,0.4431001347154981,1.3920640422341026,0.23518277100924365,0.6874991078281435,0.8597555468859767,,0.8408716101402574,1.3760825334914106,0.7786480452673523
17,0.0,2.523107538829772,1.2103881942192514,1.3458556857770396,2.506550890757893,,1.7808399097068297,2.5847009004404127,1.6238273281992373,2.3990687137644295,2.0876089906977877,0.9894144755562868,1.6361451866390833,1.491745345658273,1.2968653980983602,0.9304802260942853,1.6700191170891268,1.4020750460583637,2.5666882906362516,1.8138917088280013
18,0.0,8.807477545799747,2.7294245415440455,12.453429599410375,2.7609809480667695,7.523778428885395,2.819822269146077,3.71785815053793,5.103476842627284,3.782720483324862,5.407396718585547,2.5637991025606905,,2.3687212334042558,3.043068891256092,1.4012619348050237,1.7208954218623722,1.4831644932055803,3.3235517585878607,2.296444105254821
19,0.0,1.3397935271709827,0.13181476060554875,0.41956096669339943,0.7713796436596358,0.5575153906985542,0.3573014882828881,0.8611236934356188,,0.6823283871400753,0.9391870882825909,0.4408026575225403,0.8235987025447231,0.0126796495908584,0.5414107053389693,0.40361978043571245,0.661180649471547,0.9024160038212332,1.3536839393411775,0.9470809037407081
20,0.0,1.38354331968992,0.8968560872600291,0.6034280590238865,0.7347486651212805,1.2312100478739068,0.20450395777350797,1.2427342067268603,1.0820570695966674,1.457322062733944,1.0334540671817585,0.1683455994173264,3.925195279468778,0.6622765769536021,0.9644029926107286,0.95328088093795,0.7601841796372716,0.9960862757282865,1.4914036417761327,
21,0.0,13.14127931627365,19.371302740496766,18.57187109980762,14.944855065871915,10.916461319471441,62.85323297645441,20.783917951391988,65.84440127196797,70.77311605860619,18.174382306044695,158.45766750355273,175.27135098608164,283.6304927969165,19.903044633416656,50.558427802805355,24.01282489379268,13.714512592370971,,29.188247607326012
22,0.0,5.553218888962397,1.1901125451923753,1.4004888632435148,2.532159626832597,,0.7213501183847646,3.5098565681233334,1.0903608299653589,8.131567563839985,3.1511716095666435,1.5465718726583195,1.4007710365234585,1.4945212160697172,1.8147816401128665,0.3917346478908109,1.1230783050728295,1.796555191529607,1.653551755507182,2.1068953761259017
23,0.0,0.7498028907276175,0.013503671608769884,0.12656497928926963,0.7440540352046459,9.936628082832042,0.437727652048305,0.8860608702764387,0.07846686319636188,0.668919046347425,0.8391931298049888,0.1110168978806489,0.5047456821865913,0.21483540033728718,0.8080915176421356,0.06637521437992347,0.2345845697947423,0.8101339369544779,1.1089552486753815,
24,0.0,6.2107388951765286,7.366724003293702,2.624902843178948,1.4587390028369136,3.8656202820836203,2.7188002513167677,1.006562210932701,3.8821993053862904,,1.4275571407212904,4.394788101469594,9.570986324608588,2.1998590086238496,2.028307385485428,2.333400442830428,2.314653718844088,0.9693171914419783,3.8288614270451498,3.4857406272387013
25,0.0,,,,,,,,,,,,,,,,,,,
26,0.0,,,,,,,,,,,,,,,,,,,
27,0.0,,,,,,,,,,,,,,,,,,,
28,0.0,,,,,,,,,,,,,,,,,,,
29,0.0,,,,,,,,,,,,,,,,,,,
30,0.0,1.42686791297887,0.8910447103341267,0.6454980236768226,1.162424790767422,1.3479280738128212,1.1759928818170902,0.6203735828208071,1.0802990060891002,0.426414046752636,,1.2514176514652595,1.1342475558941794,0.8912808307434097,9.973992226498218,0.9354825259128434,0.7413091463800435,0.6618124732644025,1.2943490577603585,1.4101876132432989
31,0.0,,60.295704018197654,593.5802066371037,26.332064985102075,8.56270525453472,13.157490721215439,13.534050319065283,18.421077800483825,11.066734672533455,19.36713578382233,19.619065287555475,19.090191375235705,56.36797104484687,25.984329599799082,21.045290653077775,32.91506968027447,459.6137665454843,84.25417380416016,17.136146995918192
32,,0.7457310386398225,0.443142262164614,0.46433626586661697,0.6183192880267689,0.4169349315193702,0.5222895497182402,0.4308896569013593,0.2556927142762402,0.1935272848128037,0.6433899750384484,0.5076151021322529,0.7156128904182364,0.398376706625472,0.4673819500486053,0.19510072534535164,0.2915352532972792,0.7358619962841159,1.3691527066340599,0.611847916283413
33,0.0,,,,,,,,,,,,,,,,,,,
34,0.0,3.5496325409668366,1.47425929026322,1.964249582459065,81.2661909138586,,2.760838230825859,2.6441627934132867,2.319824715060493,2.156821208541085,2.105379096353953,1.8272165402502516,2.476580176431734,2.3143574683770245,3.464790710946893,1.0539752797319346,1.4980532492164842,1.4924533630136216,2.1790321390357286,1.490403140508788
35,0.0,1.622811232110198,0.9093653426992645,0.8146065725081763,1.2550160709479319,1.1140428902134045,1.2161337002570436,0.9404229364166159,,1.072013933922701,0.7763948917569143,1.2883370480824445,1.6374743021538967,1.0013096045783527,0.6136315989036488,0.7202397038240663,0.9305354149611732,0.7874520311547063,1.5112390505645705,1.144331277503557
36,0.0,1.7196118735385382,1.6278629428422782,1.0206312154354893,1.400235357076108,2.002909500024584,1.2519584522648246,1.6746305554888454,1.089335744337363,1.4712698301000426,0.8839874109644049,,4.585175184659205,0.16541917583765395,1.3950078641489616,0.7948936809140483,1.4022250275448631,1.3979872486220553,1.9463875414588077,0.9138034547921113
37,0.0,23.36115746953494,20.163703282186802,3.618543623648628,23.66185964062238,12.64175964635656,13.485755088112752,17.852440852420774,7.546924991624671,9.817390536790947,45.10361125491984,3.6261774960596327,18.521727823954002,,272.7223031956552,10.613383992956498,152.12995985430078,9.506495736264982,21.706983783477263,4774231248064697.0
38,0.0,5.34500330578482,5.493698478403097,22.447687696776132,6.979983776730914,3.018572802159635,11.528864796744918,24.163502416691127,43.9178148953338,24.152137329075433,9.392573410157055,5.7987401386891815,358.3317683656892,18.034046242907525,4.467590209436623,,1.226131616701869,4.031872070753438,8.721167527697956,7.095658579107879
39,0.0,87.99397628813004,41.155041798107376,19.537071734827894,10.733560552376554,198.31873346186245,14.392623630973695,18.009881222007547,9.40189352647096,9.903482981291763,17.6266465110289,26.618820569435186,,21.884165566084906,46.03018809290658,9.821309467568407,33.82373039572017,15.051680732191404,21.884165566084906,23.88416556608491
40,0.0,3.304172594660573,15.068990959072341,15.46482800834831,14.743943619004344,4.71496814105629,14.298620756570221,,15.417000524173686,0.9902355872094663,1.2893132094418054,4.714213611254568,3.161928856513372,7.929503026578505,5.789416230055333,1.896428324693787,1.3929840501553126,0.32226127082531986,28.31039434581511,11.797132600596997
41,0.0,2.4384032639135995,,1.322523864421259,8.051924798688704,1.942758932360794,1.6584949205548536,2.890407890682119,2.47624786166861,3.4015358532786943,2.125188798146304,0.6028229155227682,1.6523443343970237,1.666137597557617,2.3178564620783035,1.693989448042116,1.9710976957240827,1.7949312055713948,3.8243636641470604,3.667012344019284
42,0.0,2.9682855024116916,7.828008595564395,6.777870332546857,0.6699705178615623,5.165441411793783,1.534356337931332,0.1017968350256052,5.264618599079376,,0.6922436454743147,1.6813918425898502,11.361283379292484,1.9578287739312032,3.2887153695175932,2.2837982145514673,1.6779649699385135,0.3451139014289159,3.980467333529829,1.5986226672902897
43,0.0,1.1741604033351913,0.5976981367355163,0.6830319224290576,1.1480026612197731,0.7019056959200544,0.7884817270735531,1.001424185355196,0.21830311183669446,0.9431897873159826,1.0299279848245433,,0.5145050220831977,19.19754958815153,0.8785108438048633,0.30741514145809284,0.19964720947867673,0.986442389388393,1.1650449130366038,1.1006382482242056
44,0.0,1.0612063506198761,0.5080655739494805,,0.7801964733049511,0.34169595487224547,0.6313729082291873,0.9289335313563666,0.4900245143285501,0.9529722803711177,1.0051734302968067,12.397931924186437,0.7911580820502225,0.6962579006010655,0.47549012974763133,0.5055705209542599,0.27767810367199175,0.9212705352194739,0.9415658760527446,0.9160452297131169
45,0.0,1.0301383447232926,0.6708539200287242,0.5624825698044184,0.6241204631710258,1.238565622574709,1.0518496029198887,0.8236274553624037,,0.8735234127750625,0.6350452827216165,0.8149559323922081,0.7640429199596614,0.9372119754230182,0.786481167337498,0.5514207389777815,0.45703845201026494,0.7362148191978863,1.2270221738097657,0.94520468216583
46,0.0,1.052888757570106,0.33837697237943165,0.35525858171049823,0.8160750561775207,0.7745918691790459,0.8875577294178443,0.4782564275697663,0.6455634652645665,0.588852030024522,0.708255932403602,0.34040216479660085,0.9412623955916031,0.9476321187842125,0.7822793188162657,0.8184698212326723,0.5805519405551602,0.7060799860302674,1.04240080438258,
47,0.0,1.023344287889247,0.6881083993665569,0.619545411784283,0.061420715793607215,0.6246337294140972,0.648502034888352,0.16552923364661606,0.4710746523656264,0.08792129966554604,,0.7766897873445437,0.6748690167938697,0.7816826047554022,0.8060564557776739,0.6105528800351524,0.017761838108816035,0.5710036306423831,1.032958296073327,0.8449379884147117
48,0.0,1.0494682857784274,0.777103481082282,0.5828399065504141,0.710210661571982,0.9625715941021713,1.010934867615753,0.03534262149778401,0.7051916925997169,0.1509904658013931,0.884617495235662,0.8151580799063858,0.9644707145659247,0.6800555075019739,0.8095248046985226,0.7851329611043409,0.45965560458240523,,1.0134367763561152,0.8225102691918099
49,0.0,1.2232960801851835,0.6269883939626207,0.23754687167810967,0.9351517902597903,0.7508229326696914,0.6947887308376824,0.7337724987812254,,0.7892535939362545,1.1047540789387726,0.8341052914775151,0.599648260185272,0.7617164655689764,0.6499791185685317,0.7681946753501027,0.6848500024295275,0.9840112005440349,1.1716552357019354,1.0519840173863844
50,,1.1689915597724554,1.0439780171769526,0.8446777092571388,0.9503669154738358,0.754418323108854,1.051227548837096,0.7255423152100849,0.7263439212055406,1.0644928642275615,0.9883503338122396,0.871352395981365,1.005425179765068,0.7088323233282696,0.7882647527586589,0.7311389286016406,0.5233107341945552,0.6581272152312226,1.370239026034038,1.0973555070940086
51,0.0,,0.08949545740630306,0.05941116690423546,0.6137270499004209,0.1868800927096942,0.4337547621199319,0.31147010875475,0.31911429672924435,0.08624854938511683,0.4970722821738546,0.3889762842962205,0.3557402964095636,0.29403320697504515,0.4890864416303759,0.3667465718605468,0.4372574701908491,0.4936236226311528,0.7516928055753391,0.6250979436126518
52,0.0,0.7768915906964525,0.6086894564537975,0.699381868552314,0.33292620873837436,0.6314759936461883,0.6820875441589173,0.5850926849035155,0.4607526847184944,0.018689358835405612,0.31289109087234607,0.60367416010313,0.37511667135601406,0.3098359362964144,0.8080989185274486,0.41568256092972056,,0.5640769079621307,0.9665804310522,0.4824773954345691
53,0.0,1.0292880099431094,0.3461413487048162,0.079203141952055,0.8705813168291383,0.33610574720778313,0.7210224729260133,0.6392645814370332,0.07830928059554029,0.6476639367022065,0.7743772100891934,0.5083195420393823,0.2172449441872245,0.39541129561258714,,0.43533425114228946,0.4275181446755356,0.5737255180769533,0.9762715195432491,0.9583126401463501
54,0.0,1.3551651664401942,0.6775278892854718,0.6107893540484371,1.2606243189281912,0.8784514528948468,1.0611937854242324,1.25186998324724,0.45743446726089787,0.9837851144488455,1.3926267747879975,0.9620347172676119,,0.9066343465910678,0.8719716919694329,0.6581073651601481,0.8986034567292006,1.2789432108257732,1.709652952553853,1.1800445285002832
55,0.0,1.2786943368752932,1.4510580885644395,0.9726655854187146,0.49918119924168314,1.1224750430245478,0.9612304169544393,0.2817849123772921,1.257197559043415,,0.7473358739662772,1.065527542043473,0.6437124867845385,1.1362402371576519,1.2247369071135006,0.8563134900970529,0.9054922092535378,0.2570656279844875,0.7739778759961178,0.9080668073710744
56,0.0,1.0242132132829946,0.444520215070504,0.17312614346435987,0.6828777247702739,0.43650914546796465,0.5161539176094347,0.5187044102302122,0.3950745931090577,0.5078609547924785,0.6629100069094622,0.30473438470099634,0.777567329351513,,0.07679592267855001,0.37716730310700586,0.3237551964326064,0.3855978764915738,1.3332851683772968,0.5027003437953274
57,0.0,1.3281499038255824,1.2551911872347359,1.3555512183991707,0.07247931967656732,1.0996228583479668,1.1585001168905473,,1.2681255357543815,0.08327224289876059,0.8055959765323424,1.050919505594877,0.7162905200128007,1.2171039085839188,1.2300295632216964,0.972400409096719,0.662612768878981,0.38377924131865643,0.7838194437486984,0.8962691720824858
58,0.0,1.1244892387498973,0.5434052089182132,0.7261931190296351,0.8441852992495736,0.8137618750221334,0.32744454961197644,2.7179946278727516,0.7060886168884997,1.0061173717091907,1.0658339169968725,,1.1103146277230276,0.5800341826176864,0.12098161132543794,0.7019657200411239,0.6103524129482578,0.8905960380318398,1.2296075218035005,0.387302108225231
59,0.0,1.5600405348519557,1.1688080684799975,1.1875583273757182,1.2075542964222772,1.3009688410896578,1.2625769672108698,1.3504053566488212,1.3440594619887243,1.1894043808015153,1.523926505432014,1.196326218171478,1.3013376485425452,1.2268983772373336,1.3324333115495757,0.8853017690154179,1.223417197155633,1.4055372640232244,1.1444805853049014,
60,0.0,1.2033950410796983,0.3527314164963069,0.4612980316488762,0.9027318714850896,0.7904210443598612,0.7393449767272983,0.6200936090955058,0.35555124592203197,0.717023766224603,0.6515093092057652,0.22748575484016492,0.668865680025414,0.6261646810995268,0.4130499350310253,0.26089917265988843,0.6089609048314821,,1.1812310199760432,0.6165257917141128
61,,1.1946640759058418,0.5575944864742475,0.7531877661549554,1.1006019416388448,0.7151250172925026,1.2585150359867148,1.1310865896833469,0.6579126735064601,0.9640208610552577,0.9760993237187826,0.7455795785008429,0.2993495492364693,0.874343031148772,0.7794300393678188,0.37357155641695644,0.6127423515218425,0.8295588128501745,1.397106791398155,0.8803381950073816
62,0.0,1.217359645339923,,0.8431141563487871,0.8189894477876197,0.4906362863156871,0.7256765816177919,0.7741804188311531,0.6223353969666036,0.7108292518234381,0.8112788518736007,0.4512185965695116,1.0829393542170815,0.7696891890173136,0.9047818886452729,0.4464198158133853,0.6871142734146778,0.6741245387503926,1.4567982055826234,0.9092742060103374
63,,0.8188751695559536,0.6268282694025032,0.6840103058475347,0.5778862374095772,0.20543500493586153,0.5772819453971996,0.5043261414551284,0.4873156516803645,0.5482467467998076,0.7323792017657221,0.8354344983113713,0.2692880198751273,0.7200867715971984,0.7133771510358492,0.30058877717208293,0.4210413937822082,0.4056053660738983,1.2368703245742603,0.9290505670473274
64,0.0,0.5055768668768157,0.3898706342372283,0.31539006272071307,0.10098737322386514,0.026210873983170034,0.3864280825076143,0.3237467883979957,0.09857984548751864,0.06739959301450872,0.23242602342849478,0.3009804803046935,0.2622629489033966,0.3935138316567959,0.44434861430933154,0.1913395213266504,0.0393463558513408,,0.5572637786312311,0.2035037326345241
65,0.0,1.0919223129845552,0.6723417480511982,0.19644667657622716,0.9172926860336443,0.7321401200800949,0.6160437358548444,0.48063393457234793,,0.7644401754147875,0.922176362861468,0.75835404096433,1.0400928429928045,0.5082817938419737,0.6728414470306621,0.4065989682288372,0.10994644024555877,0.5561468642907678,1.2034542960510366,0.4143056999487435
66,0.0,1.0493818803058148,0.9465084414831643,0.45107327689556737,0.4519345660721757,0.9414395328059821,1.215709900876007,0.20164495491820478,1.0479883271994979,0.2798739265002817,0.37070750470191816,1.4283790810463617,1.0126149010579848,0.9846039077080654,1.0604551812582947,0.8924870206052711,0.8322459356248131,,1.095560203456538,0.8710606809149222
67,0.0,1.2474548113933155,1.0118810756357297,0.5741598801507398,0.7776170247185588,0.9905555206636717,0.7307277735820226,0.10920205096760292,0.44641538926149293,,0.6028791190493293,1.0207379602652007,2.698907141190184,0.8262529041617127,0.9183648701308702,0.738803229928796,0.7150113485346894,0.32435722937262823,1.134943058275676,0.9230539983904302
68,0.0,1.7942961146799892,1.2305475101615413,1.6549546451656185,1.3289119966722243,1.857217728466717,1.1894065093093045,1.886604000794841,1.7444268401902447,1.6296943423120558,1.7284509434887918,,1.961218195869888,1.3953356317224268,1.6028291700492971,1.3527590426991298,1.7205844190028958,1.534802553314755,1.7133325484612085,1.2283398222089743
69,0.0,2.0911801504559757,0.6379338072564074,1.0904451665405668,1.796430570861266,1.6071687365496434,2.18326183587032,1.0066468150227594,1.5849742236321158,1.2459457176789033,1.6558010861534929,,1.534388712765582,1.4007259170133666,1.2595227778453142,1.1980861815355577,0.3210261071235475,1.0765212492653966,2.1153457424056086,1.539721728294701
70,0.0,1.970067644772326,1.0879103393304261,1.2423705547605084,1.9514902754361205,,1.4346628957142258,1.4495072672048415,1.0741937389443288,1.4208262489990564,1.9372813568988971,1.2433524420847044,2.582636400527371,1.3838960493960444,1.4836839374677386,1.1866823950964762,1.2965506356683083,1.4089875254542077,1.9447703589870684,1.377570358882334
71,0.0,1.7471447091371237,1.265852716832602,1.2417742877582616,0.9484163817386263,1.5201086505980936,,1.655318094845004,0.8973316025706647,1.2952276279005466,1.7383818886261013,0.8616152335087321,1.8485238096060812,1.2774888791683698,0.8322033349343558,0.9431196023367904,1.1161896137624796,1.3411387200516478,1.642098866948205,0.05485067264658628
72,0.0,3.0628468209743653,2.089104265266582,2.0935084973812064,2.066624919014221,1.0192835320866436,2.4684970253501075,2.0526542921108355,2.4719483511958096,1.7259096433504348,1.9209688790254382,1.4566259725567174,2655690487095508.0,1.7624552424595463,2.8077258139248302,0.8166766730972924,,1.5080146758413266,2.632037241153736,1.6098946297673076
73,0.0,1.7362952577376518,2.6947008939489936,1.330114914609303,1.3366622424829568,1.7495272106239903,1.921259263074847,,2.6586965728665684,0.6036085218807519,1.3789023281218153,1.7659816830481523,3.1039431616342426,1.8291739515496497,2.262450111614262,1.4368267970542978,1.321526552188712,0.7204660599050362,1.6223081692239796,1.7090369286834366
74,0.0,2.068685782504224,3.826145199612479,0.9910985727717041,1.907506297028042,2.5146657783544106,1.5963052740954213,1.4897012664840896,,1.8712122972895118,1.412585403259334,2.066457276390821,2.270827166737311,0.6711413071721516,1.50097979199928,2.6431365005232466,1.6361097043482777,1.4008691508436748,2.191121215684112,1.7870917929723515
75,0.0,1.5595615842375772,2.0665054940323975,1.786501667297153,1.4735463956804167,1.4970099162940962,2.226302618808026,0.8191510782581353,5.422685557657283,1.0980593181122174,1.264210205614975,1.791099234052541,2.0250340069629242,1.7618263844696462,13.890218079875941,1.5313125589194547,1.2483354204838915,,3.8532532660339753,1.6980736411145818
76,0.0,1.2615531113726415,0.30090950390305693,0.41372318732548513,0.8707789535774362,0.41082322684286937,0.8758140628684068,,0.36283803060157044,0.7955998185104797,1.0513573675365024,0.17637502191080476,0.8780047418721059,0.75445021800241,0.9067387331385413,0.5080527017425718,0.49598366606755495,0.3480967736904074,1.3037553904074979,0.9618743244000393
77,0.0,0.982471950016088,1.0444619184342252,0.9209571990988914,0.15709622114774005,1.0027683703370582,1.1082327751663668,0.7111550130098658,1.227224073813938,0.30155679666665997,0.5194900229830715,0.7894245527501931,0.5699125201554931,0.9888933172212532,1.5633885606415527,0.7643476176417944,,0.7383290681857948,0.5738223579656332,0.21399065843625192
78,0.0,0.8529949130170942,0.28471874296117816,0.2619193566339533,0.7306263474077693,0.37853506651971186,0.5532585787715016,0.6835279963168431,0.15525909003822247,,0.5442490711752943,0.186593688215922,0.8359689434316537,0.41671361478387065,0.5592863967056462,0.3185694017679984,0.34839685643709206,0.6850444741875539,1.042443782165667,0.8309432501849687
79,0.0,1.2905726140215037,0.7371958103365271,0.8573690926726873,1.3770513154773314,,1.245212578141326,1.259552280714219,0.8073845056702897,1.0117811689680958,1.326275871372893,0.6294238844202571,0.8139000748386432,0.7666693149699146,0.9413567705878382,0.8575803865109367,0.8325982163586426,1.126421825294805,1.7147244070768914,1.1459635026401727
80,0.0,1.1557551575182934,0.4523882173459897,0.49634006184926105,1.0551743083771488,0.5497577312288273,0.8536878490144815,1.0390822709226284,,0.8327459966248382,0.9933114668417343,0.47116833064271435,0.46655801356025967,0.6599137135951674,0.8557893822543855,0.7088575322415284,0.5922728984936481,1.1714773296029655,1.3150793273263484,1.0053898995017814
81,0.0,1.2316841899915631,0.7920961897497623,0.6913333209798491,0.762940881732416,0.45433056220923795,0.9392266322518651,1.294523561897495,0.7999464494826025,1.2389092795619812,1.3785791509590128,0.3253160318593226,0.6390730233023968,0.7032113721575953,0.6756149641382101,,0.8036820736027123,1.2264630212017718,1.6073969252550224,0.9967522542484538
82,0.0,1.3728987133904906,0.8204199493785633,0.8743222721067139,0.575620714558985,1.0458195850119023,0.8760030085417566,1.1908430097069087,0.7173429319952587,0.9804624530892582,1.1642866480606864,0.8159215739487807,0.991587477529589,1.0161127975396884,1.1845343993494915,0.5078714337304538,0.5964397143153982,0.8572658506073318,0.975472851505248,
83,0.0,0.6856379107824205,1.6071165120298434,1.2615816467236662,0.09728270580663126,1.150599926750166,1.35053417240401,0.5547071625333919,1.3375183762937437,0.3700424345114444,0.5895969655463213,1.289016532554851,0.8826148921618733,1.412814943197462,1.5390383732455095,0.822065486067915,1.032428576200356,,1.2719422903011375,0.9700510320052032
84,0.0,2.180305610838023,1.6394885967566624,1.4698736767936378,1.5935914875584352,2.0948795067179558,1.9740563638999091,1.378218915880501,1.048040265389983,1.327435404261533,1.3488219922156621,1.2330248958196743,1.966713000834966,1.4816722643697617,1.8309784860538618,257.51726546234073,1.1910625956350844,,1.9440925899962551,1.5230245086431589
85,0.0,1.041028878580624,1.173930219774856,1.087384994806493,0.8046606716442574,0.7935176356060926,0.9151559450208363,,1.264303735982576,0.19683648472168433,0.6464154946708663,1.1228930680745377,1.2933492145847272,1.1968429304166432,0.9198573465522417,0.9137469893895951,0.6862927553775034,0.14075959332191598,0.8859565412115427,0.8622521305358767
86,0.0,1.7660499372038605,,0.9603755267273104,1.6978852813556546,0.7780220041769056,1.3013913580170964,1.8441298752940887,1.0434862960588354,1.4392389239167056,1.2642904772670491,0.5607169249652895,1.660851775169835,1.2694481181073745,1.2033595741286276,1.1605665467415915,1.4344907159346258,1.454670027086833,1.9101548783592177,1.489676136448394
87,0.0,1.6315654928665113,0.9041035371204618,0.5867453043975399,1.6565007821988653,,1.1171533944959127,1.5271965963303427,0.9084558772252872,1.7605713386473982,1.7038352951975075,0.5816420646445762,1.3307093584419354,0.9254936482218763,1.0013468304814594,0.9754479114315365,1.0996639538331314,1.4979231340275396,1.8674064822267176,1.4904286474563027
88,0.0,1.2106964804548572,0.6118350548990994,0.5906040287858347,1.1658764459369741,0.8774055128633109,0.4547916656607446,0.27961215590557853,0.07741680945951351,0.7774506435423869,0.6063143676632816,0.7986274673956302,1.3577438812559983,0.457155348359114,,0.4242175743841409,0.6146492264472516,0.7753139828990657,1.2044256361450791,0.8817361313912154
89,0.0,1.6070229629802057,1.085846110733592,0.9147784621620582,1.448299056205298,1.365489340067035,1.0240444327466305,0.9120648463065146,,1.1653694273569233,1.4780699988419177,0.71894389356452,1.0280684511015334,0.8761148540067282,0.47147278694398614,0.8954175341941474,0.8161762001521172,1.1310779057476097,1.5836790297926981,1.2566010587034648
90,0.0,2.056875087025575,2.00130839625374,2.047712944725763,,1.8890382611823275,1.3165472650762708,1.6549209141397052,2.505749472443338,1.409458232470653,1.6459218075144648,1.827066033516782,2.162017193003537,2.214497508386357,2.100321776104388,1.669828115106643,1.7551191395255876,1.5781765391849776,1.4501620167793916,0.7359868584046134
91,0.0,1.3610048378703727,0.951461343080834,0.4724439155599688,0.641028246726612,0.7652906006987702,0.5969189405494588,0.7417511418024105,0.3905574484704901,0.8234732280611798,1.0493830740291443,0.6491851355199222,0.9426092812790812,0.5343624403831474,0.8730797704130511,0.9428299538061642,0.5710257370430118,0.8235318274175941,1.4295226871502693,
92,0.0,1.9237103403321931,3.2707733604316487,3.321572164729683,1.114816039703039,2.1745416161771467,2.5486384873621017,1.4184048882380211,2.8259148257738427,,1.4300895558713145,2.284988253184697,2.1967269039360415,2.2885831356907023,5.412501237104309,1.6592139801502783,1.8253243835791053,1.279219415233246,2.347726013209925,3.1864346255660485
93,0.0,1.204773659923743,0.7391322690705218,0.5880454858228226,1.2990877516061026,0.8981276263836926,0.7526071528060606,0.48592034599628975,0.15541773461528838,0.18635686890318567,0.9362209962986338,0.7435216756191164,1.471607622430655,0.502185978168272,,0.4827973840248037,0.6791650959254387,0.5676853743625891,1.3416394909522618,1.1414469152231566
94,0.0,6.250087879047289,2.2516902371004033,1.7699596191731612,5.228129435456121,3.8965120179258412,3.2485329375561185,12.217009756610798,8.155030619924826,14.478811457478589,4.104975310048738,1.7784466212016925,8.693319206151152,,4.9691858564756,2.448384370863207,3.6942893695074983,4.020120158744552,5.428604595370284,3.2888974896055023
95,0.0,1.2701519672780117,3.8882975049544157,2.991310702594436,,1.8154776001715784,2.2330808578967996,0.2377762794663663,2.761544080741104,0.9544991032620186,0.9283421441071199,1.9476967657043978,3.7401796845553643,2.7627508994139456,2.68543129524792,1.6764285790526663,1.3314860203718923,0.7642409191366049,1.4769998413001595,0.4789527758707102
96,0.0,2.7319485442047293,4.410871170289129,5.489709099007102,5.651492150764831,4.7392687497077945,,6.225657509371334,14.938440254638177,16.301702848675777,8.561259686274804,6.3143008739748705,5.877093563547682,4.695065910847885,5.37765125212989,2.263169903844536,2.6176564140009617,2.903490868095129,3.615380681500205,2.9657192398994043
97,0.0,1.2013048544838354,2.398410827055316,1.8203268464831486,,1.3650045987842787,1.6100178092004807,1.2533285096760325,2.0278457736438282,0.9118427055610064,1.0306558755073454,2.4391714317880724,1.330096337679221,1.9787255192287516,4.2287914899160715,1.2470224317844671,1.2121579990309492,1.0331676860320005,1.0767625732039237,1.1466318766268584
98,0.0,57.17514967723943,21.015853985959957,188.7758995821274,12.947277786912585,38.396962252424686,,12.5156208139106,8.39464813802109,6.573404353266365,12.01942051744718,11.239004121713135,11.621445672605939,186.29619134594662,51.88149490771685,9.262112526991839,10.135569210652493,17.962901637518073,5.085036906499718,10.043941392614846
99,,1.329315079155758,0.9928867780012973,0.595374799489132,1.0417224198664756,0.9647215348604814,5.736268628140008,1.5387929895622923,1.037382363693437,0.8115749682821767,0.8114993079186975,0.7953842638831041,2.6777164418678283,1.1114365540545021,0.9936613196227011,0.11457568901138734,0.09473773330381978,0.8723991510235836,0.7229277696086297,1.0142422178154078
100,0.0,1.4073541126900138,4.869073977494631,0.9972294355717479,1.228912305661769,1.063273084935866,1.0078233315567418,1.4208955669893448,1.0901978819118026,0.9447905743096765,1.19899192168122,1.0289965468768891,,0.9676114878397373,1.0327582825924209,0.7957759964743987,0.8571526233110307,1.025686319368036,1.4368576528299724,1.512276694856074
101,0.0,1.0117686936460835,1.6406714328311476,1.46810827185578,3.0031093739295174,0.8276147990469245,1.5366436471943283,2.3388228335884245,3.8756374163082508,5.650514706998925,2.1884505452119694,1.4148053041786421,1.5431435216847986,1.7742365926085393,2.0422404442589497,,0.9722328409919634,1.3749211900808649,6.461339924617753,2.6724345340765407
102,0.0,3.799849702908281,2.655354426502242,,25.991629129775347,3.8362699535542086,16.091087182174302,8.949687852883226,11.497762612953247,8.33769068402339,10.538114904470357,3.1426000379699013,10.01355797124433,10.190355601248411,3.9760640176213133,17.369834508175533,57.936330201847625,37.67290065008428,21.398797504000942,84.11543148204768
103,0.0,2.4420962275181153,1.7083144953201554,1.4750656330112943,2.2678560531645706,1.704202406359882,,1.7269517451003789,24.174535246320804,4.22808564611067,3.161097761306648,0.5793990696893264,2.866261711399814,2.50585994673126,1.79788547427217,8.79299937428071,1.5004270879746864,1.8777587275691598,11.27001162306458,4.41303397709313
104,0.0,1.1782259348343496,1.198495223621917,0.8237219800898238,1.1204592940081928,1.0056149795941445,0.44644380636376924,0.8638996941021524,0.2823153408142658,0.7426471222746196,0.7710002899527302,0.8239542640905201,1.4221592589300889,0.5617923385583976,0.5419901589104387,0.7721244258975765,,0.08189717046843766,0.9535189612368346,0.8507345296935211
105,0.0,1.8042602127056162,1.4010777821382188,1.2134412479839616,0.7134637195701156,1.7415771259160928,1.2531425106256435,0.18949316985596354,1.08959326057953,0.4349250912945799,1.0820048790015997,1.5087153801224378,1.8840885645215426,1.3772839323350121,1.0723282793208233,1.4850682073194514,1.2277609012640587,,1.2032393872069387,0.9589574556543065
106,0.0,1.3794593438596203,0.4783886717941947,0.3863642644996402,1.2972841099205965,0.883554984866655,1.026609198313767,1.501186042866751,0.7800479640772394,1.0221356704661808,1.11354479503531,,1.9346814975959858,1.0286675611771454,0.6218782031469715,0.823579324459507,1.1874342334872765,1.198262603465402,1.8694468394461279,1.2105192612763311
107,0.0,1.3647531094704188,0.973008496591103,0.8973412373445022,1.1940991564177874,,0.9081126562890093,1.5704807490211186,1.106566029644458,1.2606676938954888,1.4730489799519422,0.7890594754950385,3.2147787473255574,0.9666302609374972,0.9399350889853639,0.7723463656901123,0.9557362055398536,1.485143799457989,1.7475232550823157,1.4274721973768645
108,0.0,0.9842262406669635,0.6753612919200558,,0.43308389316507956,0.678458442615068,0.3726477735539724,0.44047197859093534,0.0056555863214048435,0.3527224381705342,0.2795766337582009,0.43633839492965476,1.155264532026991,0.47882789764111466,0.25296668408141854,0.43379814018705537,0.5778390813836336,0.4686220982279268,1.034546961636393,0.7799487029398912
109,0.0,1.2114769187409504,1.0313927878403009,0.8735188666838691,0.9072540158458583,1.0414710205041589,0.018414360760651116,1.0151099369430963,0.7143184366059436,0.9034791987716823,1.227429387178724,0.8742017343841382,0.7130409628833042,0.7621762395793166,0.9520876128651888,0.43303374938918954,0.6789699869610993,0.9397887893941655,1.3146825223821568,
110,0.0,0.9851982369199034,1.0577212695383726,1.0291349669757188,0.019888638521197086,1.1320281274624917,0.9216706030409019,1.3877224255645557,1.0862124003626357,0.9135546908686821,1.0947359882167127,1.0956765608059442,1.1850618148099914,1.1317987721820695,1.177700366331822,0.45253400769238006,0.946960930441873,1.252164833762678,1.185903448556398,
111,0.0,2.0421019796784563,0.6157316177873264,1.1262282500008636,2.1651049056815053,1.4047084111566779,1.6778863077027817,1.7623288030377557,1.7239935775612696,1.6689407953955022,1.888803430416524,1.4153020917086396,,1.290705155231117,1.7575791755473662,1.3163862478561241,1.379495897036184,1.0458990962952333,2.3939263858288795,1.974981437529475
112,0.0,1.0644075758452194,1.427588566209208,1.283909732781063,,1.0262024557086182,1.5183997093166024,0.603294560155922,1.2404939497338872,0.04407530548203307,0.04155690403182602,0.9905770988540539,0.41906051338628286,1.1577356682604563,2.3501265015337793,0.8865072759541032,0.8775656699359261,0.5111301085049175,1.3575245944901395,1.3243638722140687
113,0.0,1.458303332692833,2.052834361726654,,58.73143780078087,1.590601435881405,9.99360610051338,10.98341383717224,4.763100582481165,9.036214717270303,53.51024024998141,1.5436151368061748,8.065666030328506,6.194334452930955,17.322028168178534,1.4922580907224832,4.054734306910018,1.0144620283216794,22.373171983514037,19.970240517052915
114,,0.40672338465600527,1.7356213640110105,1.569829089132208,,0.21794381383047756,2.703436363347143,3.532211123713638,4.579483611298038,4.666527147377302,0.22777730128608886,1.6427872644409334,5.15878202565382,1.2322596617244697,2.6125149227504836,0.41128730628685933,0.8013802239797492,0.1391774628675758,1.3362425481277638,2.343865006866583
115,0.0,2.0332101895904158,2.0676981062416298,1.6382621644597242,1.6085312606608608,1.7924303742719028,,1.975321668114758,1.6748383883428029,1.7563746205576216,1.9807015784620097,1.4868755384880845,2.3236461817786522,1.3092558396984353,1.668219964836052,1.8182692218308134,1.8663886813889499,1.7292907981865486,1.990153575844638,1.4191104354593804
116,0.0,2.725099574100371,10.561083151769779,8.311178404868253,,4.625931693788639,1.9612114063623987,2.862020345770152,16.030783889873618,6.289144320784494,2.728877938683464,10.547281139486763,5.509799334263167,8.82489151119579,8.081889513943038,2.7605712028638694,3.227109900637349,2.878192503221405,2.6566864920001096,2.3451681560355926
117,0.0,1.400496249807442,1.354153093453016,1.1806631898317415,1.0402595307483533,1.2776281128584137,1.1279559566180033,0.7394079618677396,1.3867728919648095,0.9348204407544728,0.9082135332726426,1.5340740468252099,1.2975297901630822,1.39511153782514,2.0822964797717405,1.1721604842549544,1.0119426055046414,,1.1374855968505349,1.081794068384534
118,0.0,63.464614105327975,25.874585467082145,190.27134719388255,14.567921067236538,44.302885393903004,,16.331702049467403,12.946223481807762,7.249321131515697,10.157981764823324,4.06195502284804,13.405903084050784,272.3369566595617,78.44678150498024,9.19905954995365,9.4204275833352,23.11661116402381,5.615103325956054,11.296557380635827
119,0.0,1.1486284865781002,1.0380336655227569,0.4392659174681447,0.38173338846585886,0.8357040056213163,3.8244421426719377,5.5789499458625365,0.09786388326893447,0.3977286834192935,0.5984226226391913,0.8909623961204837,2.4931608449586014,0.34027899182713445,1.0130869316240791,0.7670146376502583,,0.34518145842331693,0.8768030618968451,0.852222206423705
120,0.0,1.5538110474496563,,1.0533587796254187,1.5221850153934453,1.1540025922984813,1.4016876439963406,1.512455319902539,1.676496911449666,1.426093894977058,1.5284181619416055,0.7143729675774846,1.589466030211555,1.184479751639161,1.3231572189028948,0.549661361697397,0.7843123126492623,1.3201824360221708,2.3349212525150467,1.5112615449219826
121,0.0,0.8296368270618055,,0.4781008829200584,0.09255172087647388,0.459166906407684,0.12050701568370283,0.755720894523542,6.145816448112378,1.6086421611087414,0.07043688084969692,0.1745702153427017,0.35450737324991094,0.12469639869877323,0.045225348185479845,0.2223837421525312,0.3899612572348298,0.6120148115497055,0.848862275233451,0.1209216581106806
122,0.0,2.7992898055645488,0.9042934968170959,,19.63964854801093,3.0652926660333324,2.9608646205031195,6.112760092588978,3.859969280766402,3.56202367340801,5.0527255361151235,1.3063652138428996,6.984011351829093,3.2265880222106986,2.2875364532805684,5.4682937607917665,19.07029016563893,18.286555838445967,14.178971401531824,41.91816911403472
123,0.0,2.6498113975285476,1.8706563428926255,2.1515580025567584,2.9848292757046813,,1.412898731126964,1.988584685967858,5.240197736974078,4.082895241195879,4.229734066212394,1.1015335772029866,2.4689073728961723,1.746034078714598,1.3886042038304955,3.898804595496201,2.4815496828570325,2.230624762801102,14.712854406606212,8.840562896409764
124,0.0,1.3806015414682178,0.9638617046812984,0.7721147043199189,1.5309951246467264,1.2086849731043885,0.7974468063473522,1.4574508968461313,0.7910297749627333,1.3876349058129707,1.4997662828092646,,1.5997238151943844,0.7759056970864735,0.8290766368234682,0.8793004590114393,1.0051527018288298,1.601194139528429,1.82919907026936,1.461636600273726
125,0.0,1.7820797750509756,2.141515344655738,2.0424408914568577,1.4219201912863417,1.8994734341022903,1.5248911294776948,,1.474125827040936,0.43271904322664,1.2439902366813376,1.5151120898876327,1.4251425558064377,1.5026906881343016,1.4612781540812347,1.6137415314170533,1.3299660173620214,0.9416519981448827,1.7517482555999195,1.1363697203620917
126,,1.3416893959227658,1.5574262563574213,1.5392324089661646,1.3034841123389178,1.2611696913443697,1.394756049411417,1.1900011049488037,1.4779200641242574,0.717854587577816,1.2955834486374243,1.5387920889318378,2.547535913426325,1.6269476380421948,1.3355106610578518,0.9058549518499319,0.6375394493040067,0.491075208827572,1.993245767648917,1.7143985763677558
127,0.0,1.417288756142019,1.7039746907520301,1.6525949601652454,1.4148571805052828,1.3772617372498601,1.6477773045948843,0.9098181470643353,1.4757233220804817,1.5268417260937153,1.1263566705224186,1.434766851420083,3.2892628801038724,1.7187070466396726,1.4189095063980952,1.527942510163786,1.1606442605136056,,2.105170672443939,1.5492188588351823
128,0.0,1.0123500888904173,1.2473804742915098,1.4661690541438273,0.8400239686202358,1.2037125750318765,1.2157184266856353,,1.2880418096545005,0.03339559887423831,0.6376959453418477,1.1277625323205358,1.4236054600183108,1.1968781894916871,1.1645292783533125,1.0661217696460208,0.8200291639283352,0.1584345069307735,1.1963744637957898,1.1488908449528334
129,0.0,1.3462798617244647,1.4013122913879763,1.2389019016688074,1.6014152472568708,,1.7519148871445123,1.5110077314289827,1.5253817577100757,1.6904542166950787,1.6488497429859812,1.3211913098081076,1.4877166918961726,1.5954910043886892,1.5246116660053324,0.5115860807806173,0.7859418939168419,0.8854912795450816,1.6770818394900906,1.6589893769831756
130,0.0,1.0461308967348084,1.2599717967905508,1.2904125886005071,1.0312865873045756,1.297375156567297,1.257335240512361,0.38897777995318555,1.1987968614159819,0.33522531017747165,0.8836271110363143,1.0983628646218275,1.3420826307057474,1.1091942542222286,1.0857701549889334,0.94367028941529,0.8206233146124824,,1.2529823586163635,0.9131090783121923
131,0.0,0.8920255159938892,0.9804356406701623,0.9496832463614983,0.42634723942951336,0.6541107417342583,0.5941263850667294,0.3140251979830898,0.7325813557440726,,0.2525848963654837,0.8062276017705998,0.5988469163042085,0.5252549435234966,0.8104600711713085,0.4098019923675017,0.48542533557158163,0.4687194093783186,0.6129691537051365,0.7549715963327289
132,0.0,1.2285371988493468,1.602231629887395,1.6979505507161514,,1.3310504623913741,1.2635555268147058,0.917239886440834,1.878383725284971,0.8997926446710797,0.7263458696466651,1.4256187335357953,1.5320906371204972,1.4729086592988216,2.151929857779154,1.2456933776189458,1.2484949253652102,0.9156775808077483,1.4368254685938888,0.4058301984896007
133,0.0,1.3410941117760342,0.7395564453835207,0.34928444461183317,2.0574612490271162,1.190404693929771,0.9565099495622782,0.872599833383055,,0.9847260402312422,1.1502078805250378,0.5726523356648475,1.3813286345610654,0.519332346856725,0.6285412187785311,0.9070204320513567,0.6510077321992742,0.696601796641127,1.4606002616498452,1.022140591821019
134,0.0,1.1271944613163674,1.0064411151637591,0.40187754245337354,0.8065082241176239,0.8589256326050642,1.0333490142799515,0.4004356365966449,0.4093656282587956,,0.8658986192522491,0.7450282912582936,0.9630987784285805,0.6419718831871324,0.927309615762028,0.7225946974743688,0.6219119738204675,0.036288961175008516,1.3922423203237742,0.04847229353529027
135,0.0,1.2470768424152856,1.0128050466213883,1.1767318033756349,1.577904742816366,,1.455721350678643,1.2969507729427319,1.1028703093314396,1.4945318314678495,1.5844721673299809,0.8368488282115079,1.4842686075848508,1.1740292411864512,1.389203256392038,0.6930476279024221,1.168468733302757,1.0783860055457215,1.8480398692762252,1.5395465187773443
136,0.0,1.5164197671925335,0.7515380869773428,0.45337150427182116,1.5257277385489878,1.1322578009977493,1.2783693396179143,1.0790728778980663,,1.1304723067240647,1.2795718906506461,0.8160562987886456,1.2006022306904593,0.9118473415358465,0.7759659071998146,0.8864139128719777,1.032294963680908,0.9647752653010674,1.6422536849863996,1.5080851640537258
137,0.0,0.985410073045654,0.7397223094000608,0.1367053181661351,0.6946308714778977,0.7168000694426045,0.3255224440921473,0.9890088886881865,0.45325220725425974,0.7010192644956988,0.799457684366941,0.78337157542524,0.27445434125977614,0.6693061635244261,0.37991654722855145,0.6004984390015734,,0.7407763323181936,1.2226032022209834,0.7951104537698711
138,0.0,1.3475824654243282,0.8717858056708053,1.1450782126272272,1.6850445955425175,1.2977959696104668,0.779089899181701,1.227242336288127,1.5889341711826426,1.3162593519132229,1.5067209765053649,,1.2085463184465008,0.9689753511647679,1.4746893420895129,0.9952709868964883,1.283395702383938,1.3482695393301602,1.7396283565553623,1.3932330814398648
139,0.0,1.1388376720905995,0.6760315382779887,0.418079730172927,1.1372868701348515,0.9959061587037624,0.9622585874559751,0.7937634940636589,,0.8432827771492742,0.8003530086915054,0.712906026203015,0.2707860233122906,0.5677168500504929,0.585115997380131,0.6384208148599617,0.6722682669863096,0.8259270991415095,1.278759785476739,0.9804240498127053
140,0.0,1.5614419357634552,1.1037004754588604,,1.3938484500885024,0.8191505025338482,1.450672689831859,0.9312296393046522,1.5896708940613844,0.891663263080631,1.3612787779823983,1.0135191692521088,1.2945429556712167,1.1432694205277731,1.5445411332748609,0.7563154420935781,0.7267769032462935,1.0767283863572792,1.237685430365544,1.3726396789272894
141,0.0,1.417403288259727,2.279667953286422,1.739964085186143,0.9305313450099066,1.566686213320145,1.7355829411307448,0.40393312875480347,2.0012563740308003,,0.93755305765723,1.5850470175284868,2.399194345489213,1.7873415380311048,2.1969672948472088,1.3784482262354016,1.3633476584182598,0.7519307594747803,1.0661424341410268,1.0401527008729878
142,0.0,1.0583570497673789,0.6532043962018499,0.09337030379754625,1.0329287223131038,0.815600116908302,0.7503313353843354,1.0130741849571965,0.1852949042370418,0.6950303207452035,0.876831615697203,0.30804276574951334,1.0763521101988733,,0.49297721333096745,0.4437384845760094,0.45271836276611077,0.8329265603248097,1.3372833645329685,0.9670583257826351
143,0.0,1.4277131763237882,0.7578804950288142,0.6679604234542649,1.4587636650435207,0.7992864110027569,1.047160827283872,1.3241316606077296,,1.0679380791196715,1.2963297743235496,0.7413278347471068,0.7911673069919035,0.6304129804271393,0.5824154570869678,0.8767534878610713,0.6381898162777173,0.7363585896145067,1.3472672668928314,1.3934454956193028
144,0.0,1.204478830905767,1.3282408326092021,1.1821351952288068,0.6173903976754452,1.1219731113803473,1.1904145112178803,,1.5806578106123534,0.2236956889361053,0.38322197386423495,1.3045808484097838,1.0422189925438625,1.2007001316503159,1.4922327120419114,0.9053829218801644,0.96525024315607,0.580972362897348,1.0622438362913245,0.7348699144253514
145,0.0,0.9776409497784094,0.9471153034103028,0.8562109168958938,0.12817421984827335,0.6499378097204134,1.0093252588437083,0.3244692010724195,0.8901990488967072,0.31914473509820535,0.6352030465796616,1.0192824359879202,1.1185330994225235,0.8073151251799873,0.9854932628813096,0.760610470600809,0.5504049198763593,0.5998709382611497,,0.9743055423748814
146,0.0,1.3992566797342108,,0.5704574855035621,1.3427969185156834,0.9900479886160264,0.9723477133727246,1.013826560838859,0.2611154917083714,1.350300197961093,1.1728319005349075,0.6032520826047576,0.40563918660203396,0.5300441120628201,0.42191883408083675,0.9386362491141794,0.6744131220742363,0.7256774973765193,1.4465676457730297,1.217933174918581
147,0.0,1.1269769006271007,0.4425508176980233,0.5226080414500139,0.6685599786882659,0.5427660484980326,0.5150646443477978,0.6720867572741906,0.17675101439759816,0.51880522559575,0.4105055732516421,0.2421282300920403,0.9043395168246454,0.2005949450577649,0.6481727387086754,0.1994303079940508,0.4544183943743215,0.23442351519047663,1.0367627426524255,
148,0.0,1.2969783268732213,1.8265552976988377,1.5681852323858347,1.0338225626822735,1.1782194377922435,1.7975687981457642,0.5546766770832796,1.350165900082088,0.37553445158311977,,1.1155703111221054,1.3020614003148934,1.3166339882342968,1.2904199922644082,1.0616450651134501,1.1124515948018034,0.7366028008653478,1.4269446995266613,1.3738082085982044
149,0.0,2.044927308636571,1.3702930622883294,1.0891255166809377,2.8784352530873685,1.5503526771333178,1.6188439625214108,1.554054530173603,1.1687346600375623,1.4739220337091925,2.8379986488276234,1.1103185650950107,,1.0634269711401345,1.6846828183378986,0.8967242156413673,1.461365281479339,1.45700562167943,3.1163990699228297,2.4830441011202424
150,0.0,1.360554880430415,0.7013696972781821,0.43346461313605933,1.0431440868828248,0.6268156010312058,1.1194915173419113,0.9287836195233433,0.5169510331374007,0.12485137228137083,0.7854445539451925,0.8253174367033325,0.8892560827757852,0.691463881382895,0.8217774383309662,0.6918083527082476,,0.862464434173031,1.5328464897804164,1.0322439271434398
151,0.0,0.9567752768972786,0.6080183980522275,0.13890285810312147,0.8692222509303945,0.8985962534690721,0.5273981516544899,0.7470225490327971,,0.583821484242969,0.8865181879822459,0.5737758972179515,1.126766529989941,0.678134555930702,0.7984455502791895,0.452234781510182,0.45724820205909644,0.7815194394622595,1.2585312980410213,0.815773207761203
152,0.0,1.4411462282665954,0.8582520013901782,0.5358316748047416,1.1800346438174336,0.7972679738768554,0.9376125440012402,0.7129536131756288,0.30762560613848994,0.7921272426291528,0.8120568144579063,0.7227835837681859,0.5402690519291433,0.8593354824163004,1.0924887807760113,0.6202270730854844,0.7987848670006598,,1.8508430097694437,1.1738998211795824
153,0.0,1.6819935158283357,0.6813685188989841,0.6490013108775768,1.7504341493813529,,1.1356657556554348,1.2813317631616148,0.8359065798242866,1.3157421328478962,1.4611714260792419,0.6431104731770404,1.4043970434527848,0.979927052459196,0.9347522390977727,1.1724977710962197,0.7643304378232215,1.2868220198027853,1.3802342377611463,1.1475817145179776
154,0.0,1.0284561859309618,0.42241643563540454,0.185623159647383,1.0287913479051711,0.43834930377554276,0.3530977049265063,1.2113517216469734,0.0879398467655163,1.264722166310848,0.8566435196073777,0.7015768810046739,0.7637309896862656,,0.8909644206332583,0.6496891330392076,0.8171564343613114,0.6510299004067908,1.248902947503583,1.0088633730873175
155,0.0,1.2994494413006166,0.7238441037094399,,0.7626406193798039,1.036971411624872,0.7504797339363034,0.5835351853838104,0.3940592876496015,0.5482783424531791,0.5967680822133007,0.6692457689051433,0.599906603910527,0.6712100793073487,0.7547287920457212,0.6094810692610838,0.21987643755422723,0.4266323964944881,1.5762218739775664,1.1897675215869445
156,0.0,1.1313422925425438,0.8639531819309777,0.6129141538707197,1.0386677912735356,1.0445403436544398,0.7207487377460396,0.6512393062975035,0.3419810107508852,0.612321490845077,1.0968128597637967,,0.8358943672091146,0.6492057573437726,0.5052030624896932,0.6365213417023242,0.8951299891886275,0.6120659040346421,1.6178170131343412,1.1197220497445177
157,0.0,0.7221163710497936,0.825448547214467,0.33393925644854894,0.6398358796395358,0.6114191420365522,0.5073465759498776,0.3120871597331552,0.13413736911531474,,0.5379451047869321,0.6869930861733753,0.5680145956342666,0.5850675825701958,0.6137721649987808,0.4611948441128241,0.5224091387776636,0.3748648426186516,1.1257942442222542,0.5409000192382513
158,0.0,1.2301640249616825,0.8183779333917655,0.7933910983099907,0.9293383979303963,0.8629116019470906,0.8418481871533093,0.5440597185053744,0.5520850691958493,,0.8668163705899864,0.9869681084393028,0.4444396164007961,0.9286517250888315,1.0333270574740085,0.5725820377212536,0.7384995931775192,0.7329423617807596,1.5634598074930945,1.1671349608849357
159,0.0,0.7126256511075487,0.29770990743254067,0.17017287855401503,0.3551753811752959,0.20365399261661082,0.5501093809647531,0.1831817421980865,0.1245818190064741,,0.6004492363446499,0.12718876730508452,0.1257316828061559,0.23259695727902652,0.45337168947623185,0.128889784040179,0.2480602833079954,0.20660576690616403,1.0773792334372647,0.14973263056546945
160,0.0,0.8421636725346584,0.30849348972364493,0.3633684469326383,0.7186180764080483,0.18762279622424796,0.4627916812508394,0.5963406823954691,0.31789764828863754,0.6179663140578473,0.6752056155486776,0.8408599385443213,0.31640171465183375,0.406533157695721,0.6851672504393042,0.2649335233096454,,0.438489140036704,1.0058703532629625,0.7890311595453261
161,0.0,1.131097273795211,0.7511697592525912,0.6875554079476043,0.7802978012693729,0.6082288648853262,0.7732708397744874,0.5057503044107768,,0.4709172129011953,0.49698366329784854,0.723556994359498,0.329654545219207,0.7821850471425943,0.6377794357097306,0.6619402049541372,0.660208624241084,0.5867154030358861,0.9896038001321078,0.7546912201393717
162,0.0,0.9817837663828797,0.9522763926816051,0.9651076298099728,0.018220348984598855,0.9718259787694807,1.0361673974105654,0.1526199199613565,0.7844986097346884,0.227674460696995,0.8094356685335065,0.9539752253621058,0.9556532309958291,0.8885213430801301,1.068641901784684,1.1004197373543063,0.7229464335234205,,1.073391508546598,0.9232706265433911
163,0.0,1.2786301141850298,0.46535658594744345,0.46822982333845303,1.2235441333009773,1.0801034385001655,0.8681341932818823,0.8254238289865541,0.4688569898562261,0.9056215299427832,1.1674999978927818,,0.7932220227011875,0.7634107935653414,1.062221548069925,0.2638708901786872,0.6370768023799903,1.1095511529457454,1.6121122345941634,1.0801374455584507
164,0.0,1.896721435605361,1.8992511839915642,1.8251067610823613,1.575586082760781,1.2184611252955326,1.9350704089132091,0.8175807837491221,1.919727768838448,1.1658054459172094,1.2328564033060279,1.860256525102914,,2.0151547921753554,2.414116201051127,1.5769228348113997,1.5417245112383515,0.9710490473735534,1.727245506805751,1.552641563255569
165,0.0,0.9243233516158714,0.5126850913267716,0.3906646093914393,0.7861800708618465,0.0881356665534623,0.7494078090355684,0.5299934835172166,0.023999059842605117,0.7984767970700399,0.6877792518505282,0.4680054348989266,1.0180713576133906,0.6288633188124688,0.5712829519042333,0.11062727545216833,0.40505175974063085,0.5338787626400093,1.0587076573655134,
166,0.0,11.961137090421138,9.305357626239676,0.2800714137914109,0.7834829838450195,0.6236051344895202,0.7056736704618007,0.8024676546584276,0.16097056005389876,,0.8310895196110822,9.237651380301628,0.8875443613148172,0.5781644345965591,5.719806078253222,0.4690398465823167,0.8238096627660371,0.970614264850442,1.1224771212399303,0.7655286127928879
167,0.0,1.5621131056698545,1.9531212399743572,1.7367241783083207,0.2332357889106844,1.70736769041293,1.5386856109121965,0.561948471935593,1.5138486868134404,,0.8245257128727898,1.4595454654651647,1.6119872461068498,1.5582191154941434,2.2257562888811906,1.3840446271931548,1.4954562787430454,0.8398697741744673,1.4221942527693614,1.231328409308617
168,0.0,1.7411516843580686,1.6472905765344472,1.3833427844278532,0.4345181228812609,1.4660220892049158,1.613292177371539,0.7499894060623301,1.390301651779753,,0.642296464620539,1.373018166771223,1.5100923223935443,1.356773295565578,1.5451365912260613,1.1250683354870585,1.5722198097759168,1.2204715392307963,1.3431516520065594,1.236963036916365
169,0.0,2.162121003727856,1.5474219401998728,1.8143365010737451,2.6551393415048383,1.529440445581807,1.9203815457221416,2.3756777393155724,1.115296466921506,1.8128818050565054,2.2176047119026783,1.6591584893843372,,1.6941672296244463,2.2653301064496585,1.272675687371334,1.390340808499535,1.9205400263474601,3.142575970727281,2.525618498783685
170,0.0,1.6323563615032963,1.1032258583903805,0.3718264245824879,1.3807594360309279,0.9628053597408047,1.1794764708926684,1.2162603753231216,,1.1912080393706093,1.1125347110434098,0.6811138141831186,1.0735538411805738,0.7391935344894078,0.6792495144130614,0.7314245760997193,0.8430441314818637,0.7935126885778891,1.3308686067964168,1.1536310377420527
171,0.0,0.839193273315068,0.19312024506834846,0.545393801465973,0.8581035743724048,0.874980858898923,0.8833857532629366,0.5767088000062631,,0.554631881413949,0.96036576006905,0.2316562727438807,1.0824004855742573,0.5963251414851468,0.7672195861432253,0.23499255211662562,0.4554304633971664,0.8795260585197995,1.4674834915448125,0.9564990335046271
172,0.0,1.0625136330152605,0.7649276895459836,0.6128155494704792,1.0646927365385717,0.9381130649131963,0.5513288350800564,0.8219512944006986,,0.42879582154871404,0.6705461881086928,0.7432943062854139,0.732370469949105,0.5578252829027464,0.1776929347251128,0.4837680466502471,0.5601682732870542,1.0213903116578764,1.0036238685803927,1.0525744988117136
173,0.0,1.4485535259239213,,0.400246060208385,1.5393460703849404,0.9852467021315809,0.9587729953772632,1.1019949884883042,0.6588604361094389,1.2105761419702892,1.2263684318539827,0.834303447221555,1.2759441545858854,0.8551799055026439,0.7985089951800188,0.45470891270852837,0.4753331881130195,1.2450305266171682,1.5353517631816878,1.3087220073474224
174,0.0,1.0813162593674843,1.3962731210812114,1.4228533119234867,0.3371935962293704,1.0944276064184193,0.4741257698724384,0.7541609390673127,1.097384654166258,0.6584342982824781,1.0637321286283505,1.0155165762835656,1.3056620302534314,1.234793912527662,0.9273335530790506,1.0079561517707998,0.9019408339066181,0.7134029306167281,1.0988500334876539,
175,0.0,1.2597738511695615,1.396644557283878,1.2880747118849456,0.1650763547900872,1.2549751970448846,1.022298000076502,0.806954578983959,1.4739221361778116,0.7000436223683822,1.089195577893508,1.4217070362165294,18.413163506998078,1.3414039557146147,1.146780509464921,1.0825314929035572,1.214787252852122,0.7014075862387658,0.43523734979832124,
176,0.0,1.1277584352271843,1.3281630705681144,1.128732721250712,0.9457428237976565,1.0020769757102652,0.5225791926096003,1.0106775502085548,0.81683343632762,0.7893253303925563,1.1180063277210552,0.8007177467583654,1.7242974530969946,0.6835332840561208,,0.8575326659500725,0.7220806161232152,0.8284612200389511,1.2515447647854552,0.639495832046269
177,0.0,1.8514156582741796,4.051362438339981,2.3103448335714605,0.4061985724210868,2.287152889405237,1.6306049115993084,1.3947164013610773,4.861458668215711,0.9256688782134171,1.8439938673202256,1.6573971090648507,12.793103423380796,2.421318663372106,14.957392135853642,1.8315507641744613,1.5191374569663452,1.426384374707553,1.3165480359705737,
178,0.0,1.0181369454028824,0.5209593860973328,0.5755194007157807,0.7134929442305668,0.7993075914372488,0.768975064159021,0.7094432374237521,0.676737355411739,0.7283052662998756,0.584087950256135,,0.8775534300438711,0.6443033050778612,0.9346626447589463,0.09293164063561325,0.3725778711998885,0.738143104609661,0.852782444005647,0.6095659900094439
179,0.0,41.3570706164298,7.729921208762728,24.90169405752055,19.18870107665067,,28.802368073134822,16.88142092891698,24.033989157623147,12.907771877694884,13.554644913167834,53.17140211281756,15.709764328220459,17.965143565239778,15.813445590859931,33.16814107214049,8.091424611624696,20.300738426931588,207.61656659106708,209.6165665910671
180,0.0,2.8682429446323057,6.67046316428194,16.416422734916793,11.339098962414653,1.4524785777871159,14.044971076027307,49.76598400563105,85.27333465969845,20.464945496314872,4.639252494337837,4.077691448064651,16.330202955370225,4.677636486538563,2.8110255509477224,,2.399553636451858,2.5053484579128975,4.69439267738841,11.861380871203496
181,0.0,3.663802033483534,10.058788000225409,1.7433485076173738,0.8001801846192884,1.994187664629437,2.1812574649219885,1.1739568217000766,1.676806789396953,,1.2956097657230647,2.1175554307259605,303.77524835037815,1.5148250385893294,1.95859790124873,1.5869028401322995,1.6923267589905329,1.0729637570935626,2.441153775199859,1.3743397901328536
182,0.0,28.617260937887075,30.60083239208097,14.838455219817408,93.34975582664049,15.789141068404438,13.805932780629945,11.744657480981996,9.949496101455363,8.260228288473314,12.485049918759781,19.65066466870889,7.982100881246606,17.46697498620193,111.53682729985825,2.1791440428668127,,121.81686549943402,141.98974225055005,20.225873361431386
183,0.0,10.25414898246966,11.882937831940682,4.56923645916316,16.11335390553393,7.804740094419249,110.78989042790322,1.638920778867066,11.071594592779526,6.897058168873756,4.603405839423033,4.239971544717514,10.903428009660779,2.669707001333028,4.2865369520758865,2.807756819280209,,1.4870742965029584,23.643127783985666,47.48803093043358
184,0.0,325.7365753471004,15.694330023399798,47.26384462097287,162.482089811642,26.501728090192966,16.66901588040929,34.696120021912485,9.03037509177514,11.348834523785593,25.990101155680378,15.94141220724502,,11.534627764105622,34.398807210855026,32.04834362079186,28.347752051911282,5.381967040419883,52.664254534173324,52.390688526850944
185,0.0,4.10092813891235,1.3519971641983293,1.6387158008149814,75.83770114886147,1.0894372970809616,2.989660952079425,3.8142665502398168,1.7200460135170381,3.095218431775156,3.7441777321045606,1.434552722099751,,1.8806146846930456,1.9903537172894137,1.578919124089174,1.759443825529439,2.1627415754374453,10.554584321354541,15.598263897112137
186,0.0,,60.68619513605168,29.552545631534798,9.4099897445336,38.81969159658286,33.84928740387231,9.770833302824597,22.409506485886045,5.131780289404463,13.482828845441452,16.58059009423641,48.83574439559107,4.580761269844439,9.715053334779103,17.906610283516613,23.14582258118978,9.853395396621808,22.811893405904886,32.37584277151543
187,0.0,1.4324744407427006,0.8419233907539871,1.285449670525799,1.3171150469627382,1.0994254957879341,1.083110785515822,0.9744755317698264,0.8708001891034681,1.1985308740409575,1.5209333018306443,0.9555257504560569,1.4080654727666477,1.107842597228149,1.1949386496096823,,0.03298737146592019,1.2073619069631347,1.4826344706485277,1.4911684174752513
188,0.0,2.9772084333791673,1.8714531380775534,,2.5748964765099513,1.9404947745269667,2.2701761388931114,7.206684056174702,2.673369925931254,4.065066242703907,2.846571556437885,18.21671079829571,2.233124452587459,1.62136673030421,2.0813757645992874,2.298501007737343,2.1132218967411167,2.6175324828326683,3.696947918654701,2.2796778083239735
189,0.0,1.681867321706168,1.4206257308686066,1.5085304678075067,1.8918637511297665,,1.6071048753156598,1.3551961583832983,1.2316492477716423,1.775361453737205,2.4718862421492567,0.9792938571250851,1.1942922315988755,1.257546105527268,1.3948912995267004,1.180324677292862,1.3512760370322825,1.6596577450591146,3.2945911064484457,1.9601223358468711
190,0.0,2.2403852601225123,3.92826976103878,4.323792933121123,1.8257954816150344,2.866437569302495,2.1459556208713577,0.43079171236898184,2.3042251256924016,1.0411699856244074,1.437281042871514,2.203270702024948,3.055463024712622,2.077113111476973,1.949084522282101,1.537232424239809,1.3750265536067596,,2.582846594080968,1.9720686463618042
191,0.0,1.4597718307561491,0.7706995827802816,0.5425032203352269,1.2084946858905883,1.3249287304730808,0.8531670116464477,0.606916268777744,0.5930508770740269,0.46763962309029355,0.8279994841391998,0.8039480209713041,1.1307500414262004,0.8269920996361788,,0.8378721815031012,0.6281859315796252,0.720689728392774,1.0902780456155483,0.9040132557511832
192,0.0,14.435125149708792,3.7904703074516624,6.4703538966467935,171.95552349801278,6.0959102269741905,11.878954792485866,7.063584961678551,29.208851875543786,3.2113649829594135,8.816910715710472,9.815419140876012,3.0113384647001826,3.4323219560870104,4.487062736928802,3.757537786340482,5.296712520654877,3.6816496105652443,,22.283009732861025
193,0.0,1.2524091558435322,1.3837952284233572,1.6449530624790545,0.3731101171145717,1.6358302829125304,0.8827062359141173,,1.2751298418506356,0.4711847905504867,0.7085682275452022,0.7222965046067684,1.500597541496618,0.8955786188166621,0.9808503454294545,0.8615839280242978,0.6528732984736146,0.20597378453345733,1.0063999285537029,0.4095802580959126
194,0.0,1.2851243822279643,1.1007020129593004,1.0594225402595698,0.6880538097321415,1.5929075976500549,2.3506258353942346,,1.4580771625099676,0.5862870148380103,0.7082057845146668,1.062829122019497,1.4431464840040333,1.3060332973678135,1.6592405316051653,1.2180478161810644,0.9957635593824959,0.14915299153533843,1.6015742250891742,1.4687997308687066
195,0.0,0.9657410916278099,0.9203578431234224,0.9721140524546575,,0.8968388175471483,0.8916609189451067,0.26514329185652113,0.7533537189303949,0.033227175565114994,0.10855866108502832,0.7340381594657934,0.7419096368497627,0.8329956225563888,0.8471897171953114,0.749945215148357,0.714932913087783,0.5739601921725433,0.9095134643840197,0.6627678015145261
196,0.0,1.7638871081001906,1.2607177960163303,1.0719208113670013,1.847725379107572,1.3777883305761105,1.2374899858342912,1.4848690977002577,,1.4453283491058677,1.5594862771963394,1.2423896552541907,1.237747071595856,0.9321423468740337,1.0015017930369767,1.139575858531663,0.6933193024227586,1.116262625803498,2.094680513859107,1.5374816122109782
197,0.0,1.3712896052322308,0.6947780864204979,,1.465457473882798,1.31790603193983,2.208485207266572,1.3570225177202593,0.21733413292000453,1.477518131855922,1.251238080178145,0.6592442240780271,1.532663227962987,0.6238694320388288,1.087736845849314,1.0311722826721728,0.7695825323053158,1.1943544958137733,1.7741075718039427,1.1861013983519568
198,0.0,1.351772652904739,1.1479906520832852,0.8288055781895665,1.2062059584055789,1.0792593623218323,0.9387165719770602,0.9291488858204618,0.6796824674387906,0.6931762007330231,1.0520664018640131,0.9411755540559976,,0.7221747862435463,0.8644362802659629,0.7017081704845397,0.7901569380603238,0.4837007802684088,1.2294700375640162,0.8734384591710808
199,0.0,1.2006956570992768,1.0452204619313519,1.0320865745805057,0.9962952520956108,0.8712080570853517,1.0940856808164947,0.5894171947490536,0.8213795767616916,0.2952935959734318,0.6294047804935002,0.9894133918694199,0.9163304253447084,0.6937681396929621,0.9155316471574977,0.8625791507222763,0.905376120506098,,1.507115377796216,1.2134245187960404
200,0.0,1.51236283008319,0.9930203029972031,,1.0783659363786786,1.1247212129008202,1.0666409658970324,0.9367917773780009,1.744439933041115,1.196683996029466,1.1756616114503609,0.7638943089173578,0.7562928640347066,0.8914194191871203,1.1878775976527247,0.34555071463849757,0.30831199370057777,1.0621846978962564,1.6029352420880412,1.1210493091032097
201,0.0,1.2248732492547454,1.4712633361822354,1.7834323121127704,0.6656462174500971,1.2940012667210334,1.4910270153718936,,1.4540711547443086,0.39976600567801074,0.47720908981371024,1.7083527015104143,3.6517795165806803,1.384156628317333,2.827108998194425,1.1143184166839206,1.1014022031993798,0.20654869684972593,1.3315911492045005,1.2514084389132638
202,0.0,1.4754876833689528,0.8849713789631575,1.4562015888743205,1.6047994935745375,1.1116004120569813,1.5198950279898389,1.4273521482373606,1.3642399521587956,1.321276569887047,1.6646023856694439,1.123263782469851,1.4789538737790735,1.4042785933743498,1.452175021878431,,0.6663519911550857,1.5502854269844484,1.8897365590129276,1.5063660731172954
203,,1.2543886860509643,0.6264762281655737,0.37386799209298904,0.9104710961769316,0.7085057764145435,0.6637835048888258,0.6609983302541141,0.060961903058715405,0.5797585277747276,0.7210114684683119,0.6736434437103238,0.4805409764132557,0.2584431758938249,0.3451129268723327,0.4750391236867796,0.608209714256092,0.6110867016321343,0.970293893093709,0.8250077503376322
204,0.0,1.5925182312373571,0.48086691536561493,,1.3565918151096557,0.7974388651031957,1.139464887714335,1.3612539938141068,0.619836832360481,1.1286958326401997,1.2470101619057026,1.1211906657674262,1.1676714072688839,0.38161068909372853,1.0422247340364603,0.703270915486863,0.8959826740489402,1.2203982878735398,2.1052645846610765,1.2436705204378085
205,0.0,2.1870416104170833,1.1445540985228653,1.1464467103054856,1.6047934947736062,1.6678807566694405,1.2432085918251998,1.59201535333746,1.7202101780623376,1.5259864878102833,1.6895254365906731,1.406065899329287,1.664438516467519,,1.8412603996111414,1.5166507073384126,1.536151387201839,1.557551179922328,1.8346244821871938,1.6324717869343215
206,0.0,1.3256950281647104,1.3796736915947427,1.008315570587614,0.5774414564877385,1.1777495750639742,1.108212378221968,0.3716256671888789,1.038339814643527,,0.8858003725492702,1.2006067993933909,1.3846218961730672,1.152210043023501,1.0801304238286003,1.146998877773204,0.9647463112007332,0.643721261043692,1.103050955192038,0.910681817035375
207,0.0,1.2057816945802966,0.596857941916074,0.08291095582811149,1.042151720403698,0.7876439373692116,0.6443873467802054,0.7924154391778873,0.23529518292169266,0.6282137117845469,0.6242659442890726,,1.1427047681992901,0.5036819761394893,0.6194571368793477,0.7949211959256958,0.8339115804617135,0.7161622162159779,1.4363016309882097,1.1106509560999356
208,0.0,0.7657498406170582,0.4907758859379786,0.2608509444149275,0.4120351392324387,0.6706641758956775,0.4205845746990636,0.5176327428688868,0.02485445718447936,,0.4138790592087327,0.587545443988512,0.7091959995681608,0.02659596628857962,0.26104803880156663,0.21642910882656877,0.32705070845082346,0.3503357264290631,0.6380276434172569,0.573312845764028
209,0.0,0.9975977728423893,1.3670311704354912,1.2901307012191794,,1.1237465730078449,1.0659119948020601,0.6734374466669155,1.3446853780240704,0.4102015944786532,0.4263758465821752,1.0810756955975875,1.171579264138619,1.298944343627856,1.2360030216382705,1.0539627457793028,1.0557094199729862,0.8273037987172649,0.8339340131434029,0.5415579881532282
210,0.0,0.9204509037806358,0.8515978054839789,0.5540713023593147,0.8787380915543301,0.8789619821206763,0.5926001572933116,0.8074663090766386,,0.6695790580845623,0.7770946420141612,0.695211047408551,1.0993819652334584,0.641880056241421,0.450066168065794,0.5761427716222237,0.5619952440964926,0.6993959798391324,1.0105440576809948,0.8812565869036922
211,0.0,1.342126262602325,0.610659858740933,,1.1691985848726492,0.5495154543900076,0.7358454611750975,1.2627730867955753,0.006882109442863067,1.1916922560534695,1.1320231116168904,0.5697837897966155,1.5569674513425114,0.42022449492423253,0.6791247093840057,0.34991384953490207,0.2562351189144506,1.0567504943913986,3.820511679449556,0.7138106956630961
212,0.0,1.2773255372431322,1.2344121959268564,1.046209137286011,0.936343637344898,1.2579806188834963,0.7726951605644014,0.20646272749431863,0.8944471473125167,0.06781440064322213,0.5917469758084333,0.8209392091451904,1.1176702437468373,1.1259534397741737,1.1144100411557547,1.058595216843672,0.488300767952063,,1.3126401030617894,0.9800399796009238
213,0.0,1.988660280812396,,1.9846247732921067,1.1731157983703053,1.8508978832948177,1.3820810080839308,0.8343399686364875,2.402513436350078,0.9554193028818339,,1.9555435018511227,2.142370522589551,1.6100702800009494,2.2053096657906424,1.8811924800505286,1.5694953582835418,0.9701495179396812,2.0019424361184464,1.1935313539209673
214,0.0,1.5789424529804816,0.7407070063759188,1.0043421375858426,1.303481356039504,,0.43309433504117684,1.2861879095607376,0.6874776646953948,1.096094845991638,1.4821080083149414,0.972185852922083,0.5219579674775245,1.0515152524540883,1.0928037418027434,0.7056595520014173,1.0719314430351183,1.1002006582593364,2.3580721253152075,1.139179524864249
215,0.0,,,,,,,,,,,,,,,,,,,
216,0.0,1.2037243528372503,0.25072055626087963,0.4957407044310892,0.8088488359734568,0.6400875623770316,0.5156356382545854,0.9319819886754734,0.17947098941349793,0.9257488889466693,0.5526576530840482,0.39007570597990743,,0.558699841708355,0.8500842512671776,0.5769296903285636,0.08756708823147988,0.6203075683876837,1.2202800107749852,0.6157471950285212
217,0.0,34.78084428891162,4.324045089226818,9.898684232078233,9.618192720522742,15.138231628636364,20.58301838254541,7.492588644422573,30.456586351433195,5.011315820696131,14.468795170981423,,9.158547980314376,388.7670624398968,5.870201870530773,inf,1.2521500205112717,4.1258395461857065,15.755258874270213,22.685306865663126
218,0.0,1.4078616828931503,1.5794657929887215,2.2278161804723386,1.320306297083685,2.2834507688539927,1.2676222992970534,1.7539853561444707,1.8307256967670817,3.7111840784397536,2.263116240322409,,10.905952157211342,1.6508851909166398,1.7222393349170724,1.1958183316676945,1.787635497913674,1.7472232031283927,3.7440151332985474,1.3226877110101494
219,0.0,18.131307212004096,23.066009786017005,15.015897754888302,17.543132131966136,13.611505869110852,10.006183753026678,11.39764134700418,13.69806080537987,11.925837276721246,14.043803713244627,22.504251212420442,10.8704255159423,10.260455050244769,,15.652018045466793,11.800854679209689,24.570135151283743,13.737920401480881,20.120937513525785
220,0.0,2.3922900911401315,1.6743383721957283,1.3736932198974905,1.8376146116498435,1.7460642109991829,1.7733920964208936,1.9546617931309926,2.2679831046777723,1.932752859457181,2.0190739469675782,1.5667256602296635,,1.811295632122257,2.3002126172884014,1.7871135463335361,1.4421644697036844,1.8319253698230897,2.9145652472430568,1.8736758021426232
221,0.0,1.4447523075287516,1.4902062925961632,1.1281876354219047,1.39896912075248,1.4209851674204297,1.6603388180703842,,1.2704741574378167,0.36907753491269774,1.2447787846806226,1.3563388843851942,1.0180797096116925,1.280356012658294,1.160160058207339,1.031252861499019,0.2978680827662425,0.26678651438760526,2.0093638473779887,1.5621183627184603
222,0.0,1.3330463837981543,3.3692436922594546,1.1826248260733316,1.3515574590059922,1.9627606344370698,1.1343796840562546,2.429900836816782,1.141131420811743,0.7803194601054942,1.0474092391757532,0.9237849282829036,6.655591015260082,,0.9730927845822188,1.4671499316179664,1.2847932844349,1.2662224214499915,2.2710069375288553,1.4403710210433862
223,0.0,1.359509534604271,0.6720521235212711,0.7710622401580068,1.5005140907642545,0.8476607709311788,1.0588920890087892,1.3679740499740056,0.6792728522007554,1.0677398813110248,1.2660624875012352,0.9526314668475895,,0.6279754652711744,0.99447626301919,0.5964905648103225,1.1009826235271143,28.87101537954337,1.5790535022997918,1.400237154315907
224,0.0,1.2626153791520964,0.829718160013833,0.9119008450450048,0.7974144796604945,1.0168175163345896,0.5807089635148525,,0.4450269361140913,0.09842030405282472,0.7153484113820633,0.9266132495750627,0.8809214500647379,0.808501199423524,0.5513202698520747,0.856510229991987,0.46163517848856617,0.3712614104454379,0.9669423855887409,0.98935271292346
225,0.0,1.0832373499645218,0.8843480380972368,0.8195407616664393,0.7552462034150268,0.5852845577202559,0.7123031330967293,1.2911572687619322,0.5829923294236868,0.9423514750560981,1.080986860115138,,11.364850085361807,0.9680546368412107,0.9107311823632513,1.0079310359539722,1.2801406834104447,1.321752020925731,1.1896444422816412,0.8179555027315251
226,,1.6244080368664024,0.9753723758100941,1.105297332745515,1.5068570150658993,0.9877229640298274,1.0595251834804658,2.3647294974166346,1.084363965555421,1.4474073841745394,1.5278897333548787,1.0147313582241504,1.7929073814087753,1.0811114866555873,1.2729157503788724,0.9907832694937139,1.3576700907862291,1.4910870583399454,1.6242879081144235,1.4627711880095955
227,0.0,75.39690341788334,5.824336439242325,32.71665774177237,10.841553113581371,6.1339535196424,9.852846486785413,9.828298628131883,16.047131005481706,8.399995739250814,6.74065218354497,10.85013487227512,5.566970278950753,25.773627990049494,,24.810465283929744,3.9846271964899524,5.820077475219963,14.041003603505544,6.199979542954989
228,0.0,0.7754669978279393,0.449425136774711,0.32657814097733956,0.35977107048448626,0.7766574548957623,0.78532223289947,0.006503285176543076,,0.29280178472319357,0.508643131406411,0.6802886891905897,0.18223423679537074,0.7303447484691662,0.7479418022366094,0.4950600517720945,0.44514023844325956,0.37702633483892567,1.1380050453208213,0.43742142887892105
229,0.0,2.1437002452248564,1.733035884167669,1.9175303085449094,1.7777161663092775,1.9386229596177704,2.044248049268516,,2.2044276911984184,0.15512310105616078,1.0655727375504254,,1.6084962553012303,1.8895446347050604,1.768928413387425,2.0830264913249854,1.7519355201898053,0.0019628358799235763,1.75751574644754,1.7897504593621159
230,0.0,,,,,,,,,,,,,,,,,,,
231,0.0,,,,,,,,,,,,,,,,,,,
